,Word,POS,Spoken,Written
1,a,determiner,1,1
2,abandon,v,0,3
3,ability,n,2,1
4,able,adj,1,1
5,about,prep,1,1
6,about,adv,1,1
7,above,adv,2,1
8,above,adj,0,3
9,abroad,adv,2,3
10,absence,n,3,2
11,absolute,adj,2,3
12,absolutely,adv,1,3
13,absorb,v,0,3
14,abuse,n,2,3
15,academic,adj,0,2
16,accept,v,1,1
17,acceptable,adj,3,3
18,access,n,2,1
19,accident,n,2,2
20,accommodation,n,2,2
21,accompany,v,0,2
22,according to,prep,2,1
23,account,n,1,1
24,account,v,3,2
25,accurate,adj,2,3
26,accuse,v,0,3
27,achieve,v,2,1
28,achievement,n,3,2
29,acid,n,0,3
30,acknowledge,v,3,3
31,acquire,v,0,2
32,across,adv,1,1
33,act,n,1,1
34,act,v,2,1
35,action,n,1,1
36,active,adj,2,2
37,activist,n,3,0
38,activity,n,2,1
39,actor,n,0,3
40,actual,adj,1,2
41,actually,adv,1,1
42,ad,n,3,3
43,adapt,v,0,3
44,add,v,1,1
45,addition,n,3,1
46,additional,adj,3,2
47,address,n,2,2
48,address,v,2,2
49,adequate,adj,3,3
50,adjust,v,0,3
51,administration,n,2,2
52,administrative,adj,0,3
53,admire,v,3,0
54,admission,n,0,3
55,admit,v,2,1
56,adopt,v,3,2
57,adult,n,2,2
58,adult,adj,0,3
59,advance,n,2,2
60,advance,v,0,3
61,advanced,adj,0,3
62,advantage,n,2,1
63,advert,n,3,0
64,advertise,v,3,3
65,advertisement,n,3,0
66,advertising,n,0,3
67,advice,n,2,2
68,advise,v,2,2
69,adviser,n,3,3
70,affair,n,2,1
71,affect,v,2,1
72,afford,v,1,3
73,afraid,adj,1,2
74,after,prep,1,1
75,afternoon,n,1,2
76,afterwards,adv,2,3
77,again,adv,1,1
78,against,prep,1,1
79,age,n,1,1
80,aged,adj,0,3
81,agency,n,3,1
82,agent,n,3,2
83,aggressive,adj,3,0
84,ago,adv,1,1
85,agree,v,1,1
86,agreement,n,2,1
87,agriculture,n,0,2
88,ahead,adv,1,2
89,aid,n,2,2
90,aim,n,2,2
91,aim,v,2,2
92,air,n,1,1
93,aircraft,n,2,2
94,airline,n,2,3
95,airport,n,3,3
96,alarm,n,2,0
97,album,n,3,3
98,alcohol,n,0,3
99,alive,adj,2,3
100,all,determiner,1,1
101,all,adv,1,1
102,allow,v,1,1
103,allowance,n,2,3
104,all right,adj,1,2
105,almost,adv,1,1
106,alone,adj,2,1
107,along,adv,1,1
108,along,prep,1,1
109,alongside,adv,0,3
110,already,adv,1,1
111,also,adv,1,1
112,alter,v,3,3
113,alternative,adj,2,2
114,alternative,n,2,3
115,although,conjunction,1,1
116,altogether,adv,2,3
117,always,adv,1,1
118,amazing,adj,2,0
119,ambition,n,0,3
120,ambulance,n,3,0
121,among,prep,2,1
122,amount,n,1,1
123,an,determiner,1,1
124,analyse,v,0,3
125,analysis,n,3,1
126,analyst,n,0,2
127,ancient,adj,0,2
128,and,conjunction,1,1
129,anger,n,0,3
130,angle,n,3,3
131,angry,adj,3,3
132,animal,n,1,1
133,announce,v,2,1
134,announcement,n,3,3
135,annoy,v,3,0
136,annual,adj,2,2
137,another,determiner,1,1
138,answer,n,1,1
139,answer,v,1,2
140,anticipate,v,3,0
141,anxiety,n,3,3
142,anxious,adj,3,3
143,any,determiner,1,1
144,any,adv,2,0
145,anybody,pron,1,3
146,anyhow,adv,3,0
147,anyone,pron,1,1
148,anything,pron,1,1
149,anyway,adv,1,2
150,anywhere,adv,1,3
151,apart,adv,2,1
152,apartment,n,2,3
153,apologize,v,2,0
154,apology,n,3,0
155,apparent,adj,0,2
156,apparently,adv,1,2
157,appeal,n,2,1
158,appeal,v,3,3
159,appear,v,2,1
160,appearance,n,0,2
161,apple,n,2,3
162,application,n,1,1
163,apply,v,1,1
164,appoint,v,2,2
165,appointment,n,2,2
166,appreciate,v,2,3
167,approach,v,2,2
168,approach,n,2,1
169,appropriate,adj,2,1
170,approval,n,2,3
171,approve,v,3,2
172,approximate,adj,3,3
173,architect,n,0,3
174,architecture,n,3,3
175,area,n,1,1
176,argue,v,2,1
177,argument,n,1,1
178,arise,v,3,2
179,arm,n,1,1
180,armed,adj,3,3
181,army,n,1,1
182,around,adv,1,1
183,arrange,v,2,2
184,arrangement,n,2,2
185,arrest,v,0,3
186,arrival,n,0,3
187,arrive,v,2,1
188,art,n,1,1
189,article,n,2,1
190,artificial,adj,3,0
191,artist,n,3,2
192,as,prep,1,1
193,as,conjunction,1,1
194,ashamed,adj,3,0
195,aside,adv,3,3
196,ask,v,1,1
197,asleep,adj,2,0
198,aspect,n,2,1
199,assess,v,2,2
200,assessment,n,3,2
201,assignment,n,2,0
202,assist,v,3,3
203,assistance,n,3,2
204,assistant,n,3,0
205,associate,v,3,2
206,association,n,3,1
207,assume,v,2,1
208,assumption,n,2,2
209,assure,v,2,3
210,at,prep,1,1
211,atmosphere,n,3,2
212,attach,v,2,2
213,attack,n,2,2
214,attack,v,3,2
215,attempt,n,2,1
216,attempt,v,2,2
217,attend,v,2,2
218,attention,n,2,1
219,attitude,n,2,1
220,attorney,n,2,3
221,attract,v,2,2
222,attraction,n,0,3
223,attractive,adj,2,2
224,audience,n,2,2
225,aunt,n,3,3
226,author,n,0,2
227,authority,n,0,1
228,automatic,adj,3,0
229,automatically,adv,3,3
230,autumn,n,0,3
231,available,adj,1,1
232,average,adj,2,2
233,average,n,2,0
234,avoid,v,2,1
235,awake,adj,3,0
236,award,n,3,2
237,award,v,0,3
238,aware,adj,1,1
239,awareness,n,0,3
240,away,adv,1,1
241,awful,adj,1,0
242,awkward,adj,3,0
243,baby,n,1,1
244,back,adv,1,1
245,back,n,1,1
246,back,v,2,3
247,back,adj,2,3
248,background,n,2,2
249,backwards,adv,3,0
250,bacon,n,3,0
251,bad,adj,1,1
252,badly,adv,3,3
253,bag,n,1,2
254,bake,v,3,0
255,balance,n,2,2
256,balance,v,3,0
257,ball,n,1,2
258,ban,n,0,3
259,band,n,2,2
260,bang,n,3,0
261,bang,v,3,0
262,bank,n,1,1
263,bar,n,1,1
264,barrier,n,0,3
265,base,v,1,1
266,base,n,2,2
267,baseball,n,3,2
268,basic,adj,2,1
269,basically,adv,1,0
270,basis,n,2,1
271,basket,n,3,0
272,bat,n,3,0
273,bath,n,2,3
274,bathroom,n,2,3
275,battery,n,2,0
276,battle,n,0,2
277,be,auxv,1,1
278,be,v,1,1
279,beach,n,2,2
280,bean,n,2,0
281,bear,v,2,2
282,beard,n,3,0
283,beat,v,2,2
284,beat,n,3,0
285,beautiful,adj,1,2
286,beauty,n,3,2
287,because,conjunction,1,1
288,because,prep,1,1
289,become,v,1,1
290,bed,n,1,1
291,bedroom,n,1,2
292,beef,n,3,0
293,beer,n,2,3
294,before,conjunction,1,1
295,before,prep,1,1
296,before,adv,1,1
297,beforehand,adv,3,0
298,begin,v,1,1
299,beginning,n,1,2
300,behalf,n,3,3
301,behave,v,3,3
302,behaviour,n,2,1
303,behind,prep,1,1
304,being,n,2,3
305,belief,n,3,2
306,believe,v,1,1
307,bell,n,2,3
308,belong,v,2,2
309,below,adv,2,2
310,belt,n,2,3
311,bench,n,2,3
312,bend,v,3,3
313,beneath,adv,0,2
314,benefit,n,2,1
315,benefit,v,2,3
316,beside,prep,3,2
317,best,adj,1,1
318,best,adv,1,2
319,bet,v,1,0
320,bet,n,3,0
321,better,adj,1,1
322,better,adv,1,1
323,between,adv,1,1
324,beyond,prep,2,1
325,bicycle,n,0,3
326,bid,n,0,3
327,big,adj,1,1
328,bike,n,2,0
329,bill,n,1,1
330,bin,n,2,0
331,bird,n,2,2
332,birth,n,2,2
333,birthday,n,1,3
334,biscuit,n,2,0
335,bit,adv,1,1
336,bit,n,1,1
337,bite,v,2,0
338,bite,n,3,0
339,bitter,adj,3,3
340,black,adj,1,1
341,blade,n,3,0
342,blame,v,2,3
343,blank,adj,3,0
344,bless,v,3,0
345,blind,adj,2,3
346,block,n,2,2
347,block,v,3,0
348,bloke,n,2,0
349,blonde,adj,3,0
350,blood,n,2,1
351,blow,v,2,3
352,blow,n,3,3
353,blue,adj,1,2
354,board,n,1,1
355,boat,n,1,2
356,body,n,1,1
357,boil,v,3,0
358,boiler,n,3,0
359,boiling,adj,3,0
360,bomb,n,3,3
361,bone,n,2,2
362,bonus,n,2,0
363,book,n,1,1
364,book,v,2,0
365,boom,n,3,0
366,boot,n,2,3
367,border,n,3,2
368,bored,adj,3,0
369,boring,adj,2,0
370,born,v,1,2
371,borrow,v,2,3
372,boss,n,2,3
373,both,determiner,1,1
374,bother,v,1,3
375,bottle,n,1,2
376,bottom,n,1,3
377,bottom,adj,1,3
378,bounce,v,3,0
379,bound,adj,2,3
380,bowl,n,2,3
381,box,n,1,1
382,boy,n,1,1
383,boyfriend,n,3,0
384,brain,n,2,2
385,branch,n,2,2
386,brave,adj,3,0
387,bread,n,2,3
388,break,v,1,1
389,break,n,2,2
390,breakfast,n,2,2
391,breast,n,3,0
392,breath,n,3,2
393,breathe,v,3,3
394,brick,n,2,3
395,bridge,n,2,2
396,brief,adj,2,2
397,briefly,adv,2,3
398,bright,adj,2,2
399,brilliant,adj,2,3
400,bring,v,1,1
401,broad,adj,2,2
402,brother,n,1,1
403,brown,adj,2,2
404,brush,n,3,0
405,brush,v,3,0
406,buck,n,1,0
407,bucket,n,2,0
408,buddy,n,3,0
409,budget,n,1,2
410,bug,n,3,0
411,build,v,1,1
412,builder,n,3,0
413,building,n,1,1
414,bump,v,3,0
415,bunch,n,2,0
416,burn,v,2,3
417,burn,n,3,0
418,burst,v,0,3
419,bury,v,0,3
420,bus,n,1,2
421,business,n,1,1
422,busy,adj,1,2
423,but,conjunction,1,1
424,but,prep,2,3
425,but,adv,2,3
426,butcher,n,3,0
427,butter,n,2,0
428,button,n,2,0
429,buy,v,1,1
430,buyer,n,3,3
431,by,prep,1,1
432,by,adv,1,1
433,bye,interjection,1,0
434,bye,n,3,0
435,cabinet,n,2,2
436,cable,n,0,3
437,cake,n,2,3
438,calculate,v,2,3
439,calculation,n,2,0
440,calculator,n,3,0
441,calendar,n,3,0
442,call,v,1,1
443,call,n,1,1
444,calm,adj,3,3
445,camera,n,2,3
446,camp,n,3,3
447,campaign,n,2,1
448,can,modv,1,1
449,can,n,2,0
450,cancel,v,2,0
451,cancer,n,2,2
452,candidate,n,0,2
453,candle,n,3,0
454,candy,n,3,0
455,cap,n,3,0
456,capable,adj,2,2
457,capacity,n,3,2
458,capital,n,3,1
459,capital,adj,2,3
460,captain,n,0,3
461,capture,v,0,3
462,car,n,1,1
463,card,n,1,2
464,care,n,1,1
465,care,v,1,2
466,career,n,2,2
467,careful,adj,1,2
468,carefully,adv,2,2
469,carpet,n,2,3
470,carrot,n,3,0
471,carry,v,1,1
472,cartoon,n,3,0
473,case,n,1,1
474,cash,n,2,2
475,cash,v,3,0
476,cast,v,0,3
477,castle,n,0,3
478,cat,n,1,3
479,catalogue,n,0,3
480,catch,v,1,1
481,category,n,2,2
482,cause,n,2,1
483,cause,v,1,1
484,CD,n,3,3
485,cease,v,0,3
486,ceiling,n,3,3
487,celebrate,v,0,3
488,celebration,n,3,0
489,cell,n,3,2
490,cellphone,n,2,3
491,cent,n,1,1
492,centimetre,n,3,3
493,central,adj,1,1
494,centre,n,1,1
495,century,n,2,1
496,cereal,n,3,0
497,certain,adj,1,1
498,certainly,adv,1,1
499,certificate,n,3,3
500,chain,n,3,2
501,chair,n,1,2
502,chairman,n,3,1
503,challenge,n,2,2
504,challenge,v,3,3
505,champion,n,0,3
506,championship,n,0,3
507,chance,n,1,1
508,change,v,1,1
509,change,n,1,1
510,channel,n,3,2
511,chap,n,2,0
512,chapter,n,3,1
513,character,n,1,1
514,characteristic,n,3,2
515,characterize,v,0,3
516,charge,n,1,1
517,charge,v,1,2
518,charity,n,3,3
519,chart,n,3,3
520,chase,v,3,0
521,chat,n,2,0
522,cheap,adj,1,2
523,cheat,v,3,0
524,check,v,1,2
525,check,n,1,3
526,cheek,n,0,3
527,cheese,n,2,3
528,chemical,n,3,3
529,chemical,adj,0,3
530,chemist,n,3,0
531,chemistry,n,2,0
532,cheque,n,2,0
533,cherry,n,3,0
534,chest,n,2,3
535,chicken,n,2,0
536,chief,adj,2,2
537,chief,n,0,3
538,child,n,1,1
539,childhood,n,0,3
540,chip,n,2,3
541,chocolate,n,2,0
542,choice,n,1,1
543,choose,v,1,1
544,chop,v,3,0
545,chuck,v,3,0
546,church,n,1,1
547,cigarette,n,2,3
548,cinema,n,3,0
549,circle,n,2,2
550,circuit,n,0,3
551,circumstance,n,2,1
552,citizen,n,2,2
553,city,n,1,1
554,civil,adj,3,2
555,claim,v,1,1
556,claim,n,2,1
557,class,n,1,1
558,classic,adj,0,3
559,classical,adj,0,3
560,classroom,n,3,3
561,clean,adj,2,2
562,clean,v,1,3
563,cleaner,n,3,0
564,clear,adj,1,1
565,clear,v,1,2
566,clearly,adv,1,1
567,clerk,n,3,0
568,clever,adj,2,0
569,click,v,3,0
570,client,n,2,1
571,climate,n,0,3
572,climb,v,0,2
573,clock,n,2,3
574,close,v,1,1
575,close,adj,1,1
576,close,adv,2,2
577,closed,adj,3,0
578,closely,adv,3,2
579,closet,n,3,0
580,cloth,n,3,0
581,clothes,n,2,2
582,cloud,n,3,3
583,club,n,1,1
584,clue,n,2,0
585,coach,n,3,2
586,coal,n,2,2
587,coast,n,3,2
588,coat,n,2,3
589,code,n,2,2
590,coffee,n,1,2
591,coin,n,3,0
592,cold,adj,1,1
593,collapse,v,3,0
594,collar,n,3,0
595,colleague,n,2,2
596,collect,v,1,2
597,collection,n,2,1
598,college,n,1,2
599,colour,n,1,1
600,column,n,3,2
601,combination,n,3,2
602,combine,v,3,2
603,come,v,1,1
604,comfort,n,0,3
605,comfortable,adj,2,3
606,command,n,0,3
607,comment,n,1,2
608,comment,v,3,3
609,commercial,adj,3,2
610,commission,n,3,2
611,commit,v,2,2
612,commitment,n,2,2
613,committee,n,3,1
614,common,adj,1,1
615,communicate,v,3,3
616,communication,n,2,1
617,community,n,1,1
618,company,n,1,1
619,compare,v,1,1
620,comparison,n,3,2
621,compete,v,3,3
622,competition,n,2,1
623,competitive,adj,3,3
624,complain,v,2,3
625,complaint,n,3,3
626,complete,adj,2,1
627,complete,v,2,1
628,completely,adv,1,2
629,complex,adj,3,2
630,complicated,adj,2,0
631,component,n,0,2
632,comprehensive,adj,0,3
633,comprise,v,0,3
634,computer,n,1,1
635,concentrate,v,2,2
636,concentration,n,3,2
637,concept,n,3,2
638,concern,n,1,1
639,concern,v,0,3
640,concerned,adj,1,1
641,concerning,prep,0,3
642,concert,n,3,3
643,conclude,v,3,2
644,conclusion,n,3,2
645,condition,n,2,1
646,conduct,v,0,2
647,conduct,n,0,3
648,conference,n,2,1
649,confidence,n,2,2
650,confident,adj,3,3
651,confine,v,0,3
652,confirm,v,2,2
653,conflict,n,3,2
654,confused,adj,3,0
655,confusing,adj,3,0
656,confusion,n,3,3
657,congratulation,n,3,0
658,connect,v,2,2
659,connection,n,3,2
660,conscious,adj,2,3
661,consciousness,n,0,3
662,consent,n,0,3
663,consequence,n,3,2
664,consider,v,1,1
665,considerable,adj,3,1
666,considerably,adv,3,0
667,consideration,n,2,2
668,consist,v,0,3
669,consistent,adj,3,3
670,constant,adj,3,3
671,constantly,adv,3,3
672,constitute,v,0,3
673,construct,v,0,3
674,construction,n,3,2
675,consult,v,3,3
676,consumer,n,3,2
677,consumption,n,0,3
678,contact,n,2,2
679,contact,v,2,2
680,contain,v,2,1
681,contemporary,adj,0,2
682,content,n,3,2
683,contest,n,0,3
684,context,n,2,2
685,continue,v,1,1
686,continuous,adj,3,3
687,contract,n,1,1
688,contrast,n,0,2
689,contribute,v,3,2
690,contribution,n,2,2
691,control,n,1,1
692,control,v,2,1
693,convenient,adj,3,0
694,convention,n,0,2
695,conventional,adj,0,3
696,conversation,n,1,2
697,convert,v,0,3
698,conviction,n,0,3
699,convince,v,3,3
700,cook,v,1,3
701,cooker,n,3,0
702,cookie,n,3,3
703,cool,adj,2,3
704,cool,v,2,0
705,cooperation,n,3,3
706,cope,v,2,3
707,copy,n,1,2
708,copy,v,2,0
709,core,n,0,3
710,corn,n,3,0
711,corner,n,1,2
712,correct,adj,1,2
713,correct,v,3,0
714,corridor,n,2,3
715,cost,n,1,1
716,cost,v,1,2
717,cottage,n,3,3
718,cotton,n,0,3
719,could,modv,1,1
720,council,n,2,2
721,count,v,2,3
722,counter,n,3,0
723,country,n,1,1
724,countryside,n,3,3
725,county,n,0,2
726,couple,n,1,1
727,courage,n,3,0
728,course,n,1,1
729,court,n,1,1
730,cousin,n,2,0
731,cover,v,1,1
732,cover,n,1,2
733,cow,n,2,0
734,crack,v,3,0
735,craft,n,0,3
736,crash,n,3,0
737,crazy,adj,2,0
738,create,v,2,1
739,creation,n,0,2
740,creative,adj,0,3
741,creature,n,0,3
742,credit,n,2,2
743,credit card,n,3,3
744,crew,n,3,3
745,crime,n,2,2
746,criminal,adj,3,2
747,crisis,n,3,2
748,criterion,n,0,2
749,critic,n,0,3
750,critical,adj,3,2
751,criticism,n,3,2
752,criticize,v,0,3
753,crop,n,0,3
754,cross,v,2,2
755,cross,n,3,3
756,cross,adj,2,0
757,crowd,n,3,2
758,crown,n,0,3
759,crucial,adj,0,2
760,cruel,adj,3,0
761,cry,v,2,2
762,cry,n,0,3
763,cultural,adj,0,2
764,culture,n,2,1
765,cup,n,1,1
766,cupboard,n,2,0
767,curious,adj,3,0
768,currency,n,0,2
769,current,adj,2,2
770,current,n,0,3
771,currently,adv,2,2
772,curtain,n,3,3
773,curve,n,3,3
774,cushion,n,3,0
775,custom,n,0,3
776,customer,n,1,1
777,cut,v,1,1
778,cut,n,2,2
779,cute,adj,2,0
780,cycle,n,3,3
781,dad,n,1,3
782,daddy,n,1,0
783,daft,adj,3,0
784,daily,adj,3,2
785,damage,n,3,2
786,damage,v,3,3
787,dance,n,2,3
788,dance,v,2,3
789,danger,n,2,2
790,dangerous,adj,2,2
791,dare,v,3,3
792,dark,adj,2,1
793,darkness,n,0,3
794,darling,n,2,0
795,data,n,1,1
796,database,n,3,3
797,date,n,1,1
798,date,v,3,3
799,daughter,n,1,1
800,day,n,1,1
801,dead,adj,1,1
802,dead,adv,3,0
803,deaf,adj,0,3
804,deal,n,1,1
805,deal,v,1,1
806,dealer,n,0,3
807,dear,interjection,1,0
808,dear,n,2,0
809,dear,adj,2,2
810,death,n,1,1
811,debate,n,2,2
812,debt,n,3,2
813,decade,n,0,2
814,decent,adj,3,0
815,decide,v,1,1
816,decision,n,1,1
817,declare,v,0,2
818,decline,n,0,2
819,decline,v,0,3
820,deep,adj,2,1
821,deep,adv,0,3
822,deeply,adv,0,3
823,defeat,n,0,3
824,defeat,v,0,3
825,defence,n,2,1
826,defend,v,3,3
827,define,v,2,2
828,definite,adj,3,0
829,definitely,adv,1,0
830,definition,n,2,2
831,degree,n,2,1
832,delay,n,0,3
833,delay,v,0,3
834,deliberately,adv,3,0
835,deliver,v,2,2
836,delivery,n,3,3
837,demand,n,2,1
838,demand,v,0,2
839,democracy,n,0,2
840,democratic,adj,0,2
841,demonstrate,v,3,2
842,demonstration,n,0,3
843,dentist,n,3,0
844,deny,v,3,2
845,department,n,2,1
846,departure,n,0,3
847,depend,v,1,2
848,dependent,adj,0,3
849,deposit,n,3,3
850,depression,n,0,3
851,depth,n,3,3
852,derive,v,0,3
853,describe,v,2,1
854,description,n,2,2
855,desert,n,0,3
856,deserve,v,3,3
857,design,n,2,1
858,design,v,3,1
859,designer,n,0,3
860,desire,n,0,2
861,desk,n,2,2
862,desperate,adj,3,3
863,despite,prep,3,1
864,destroy,v,2,2
865,destruction,n,0,3
866,detail,n,2,1
867,detailed,adj,0,2
868,detect,v,0,3
869,determination,n,0,3
870,determine,v,0,2
871,determined,adj,0,3
872,develop,v,2,1
873,development,n,1,1
874,device,n,3,2
875,devil,n,3,0
876,diagram,n,3,0
877,diamond,n,3,0
878,diary,n,3,0
879,die,v,1,1
880,diet,n,3,2
881,differ,v,0,3
882,difference,n,1,1
883,different,adj,1,1
884,difficult,adj,1,1
885,difficulty,n,2,1
886,dig,v,2,0
887,dimension,n,0,3
888,dinner,n,1,2
889,direct,adj,2,1
890,direct,v,3,2
891,direction,n,1,1
892,directly,adv,2,2
893,director,n,2,1
894,directory,n,3,0
895,dirt,n,3,0
896,dirty,adj,2,3
897,disabled,adj,3,3
898,disagree,v,3,0
899,disappear,v,2,2
900,disappoint,v,0,3
901,disappointed,adj,3,3
902,disaster,n,3,3
903,disc,n,2,3
904,discipline,n,3,3
905,discount,n,3,0
906,discover,v,2,1
907,discovery,n,0,3
908,discuss,v,2,1
909,discussion,n,2,1
910,disease,n,3,1
911,disgusting,adj,2,0
912,dish,n,2,3
913,disk,n,2,3
914,dismiss,v,0,3
915,display,n,3,2
916,display,v,0,2
917,dispute,n,0,2
918,distance,n,2,2
919,distant,adj,0,3
920,distinct,adj,0,3
921,distinction,n,0,3
922,distinguish,v,3,3
923,distribute,v,0,2
924,distribution,n,0,2
925,district,n,3,2
926,disturb,v,0,3
927,divide,v,2,2
928,division,n,3,1
929,divorce,n,3,0
930,do,auxv,1,1
931,do,v,1,1
932,doctor,n,1,1
933,document,n,2,2
934,dog,n,1,1
935,dollar,n,1,2
936,domestic,adj,0,2
937,dominant,adj,0,3
938,dominate,v,0,3
939,door,n,1,1
940,dot,n,2,0
941,double,adj,1,2
942,double,v,3,0
943,doubt,n,1,1
944,doubt,v,2,0
945,down,adv,1,1
946,downstairs,adv,2,0
947,downtown,adv,3,3
948,dozen,number,2,3
949,draft,n,2,3
950,drag,v,3,3
951,drama,n,0,3
952,dramatic,adj,0,3
953,draw,v,1,1
954,draw,n,3,0
955,drawer,n,3,0
956,drawing,n,3,3
957,dream,n,2,2
958,dream,v,3,3
959,dress,n,2,2
960,dress,v,2,2
961,drink,v,1,2
962,drink,n,1,2
963,drive,v,1,1
964,drive,n,2,2
965,driver,n,1,2
966,drop,v,1,2
967,drop,n,2,3
968,drug,n,2,1
969,drunk,adj,3,0
970,dry,adj,2,2
971,dry,v,2,3
972,duck,n,3,0
973,dude,n,3,0
974,due,adj,1,1
975,dull,adj,3,0
976,dumb,adj,3,0
977,dump,v,3,0
978,during,prep,1,1
979,dust,n,3,3
980,duty,n,2,1
981,DVD,n,3,3
982,each,determiner,1,1
983,each other,pron,1,1
984,ear,n,2,2
985,early,adj,1,1
986,early,adv,1,1
987,earn,v,2,2
988,earth,n,2,2
989,ease,v,0,3
990,easily,adv,2,1
991,east,n,1,2
992,eastern,adj,2,2
993,easy,adj,1,1
994,easy,adv,2,0
995,eat,v,1,1
996,economic,adj,2,1
997,economics,n,0,3
998,economy,n,2,1
999,edge,n,2,2
1000,edition,n,0,3
1001,editor,n,0,2
1002,education,n,1,1
1003,educational,adj,3,2
1004,effect,n,1,1
1005,effective,adj,2,1
1006,effectively,adv,3,2
1007,efficiency,n,0,3
1008,efficient,adj,3,3
1009,effort,n,1,1
1010,egg,n,1,2
1011,either,conjunction,1,1
1012,either,determiner,1,1
1013,elderly,adj,3,2
1014,elect,v,3,3
1015,election,n,2,1
1016,electric,adj,2,3
1017,electrical,adj,3,0
1018,electricity,n,2,3
1019,electronic,adj,3,3
1020,element,n,2,1
1021,elevator,n,3,3
1022,else,adv,1,1
1023,elsewhere,adv,3,2
1024,email,n,2,2
1025,email,v,2,2
1026,embarrassed,adj,3,0
1027,emerge,v,0,2
1028,emergency,n,3,3
1029,emotion,n,0,3
1030,emotional,adj,3,3
1031,emphasis,n,3,2
1032,emphasize,v,3,2
1033,empire,n,0,3
1034,employ,v,3,2
1035,employee,n,2,2
1036,employer,n,2,2
1037,employment,n,2,1
1038,empty,adj,2,2
1039,enable,v,3,1
1040,encounter,v,0,3
1041,encourage,v,2,1
1042,encouraging,adj,3,0
1043,end,n,1,1
1044,end,v,1,1
1045,enemy,n,0,2
1046,energy,n,2,1
1047,engage,v,0,3
1048,engine,n,2,2
1049,engineer,n,3,3
1050,engineering,n,3,3
1051,enhance,v,0,3
1052,enjoy,v,1,1
1053,enjoyable,adj,3,0
1054,enormous,adj,2,3
1055,enough,adv,1,1
1056,enough,determiner,1,2
1057,enquiry,n,2,2
1058,ensure,v,2,1
1059,enter,v,2,1
1060,enterprise,n,0,2
1061,entertainment,n,3,3
1062,enthusiasm,n,0,3
1063,enthusiastic,adj,3,0
1064,entire,adj,3,2
1065,entirely,adv,2,2
1066,entitle,v,3,3
1067,entrance,n,3,3
1068,entry,n,3,2
1069,envelope,n,3,0
1070,environment,n,1,1
1071,environmental,adj,2,2
1072,equal,adj,1,2
1073,equal,v,2,0
1074,equally,adv,3,2
1075,equipment,n,2,2
1076,equivalent,adj,0,3
1077,era,n,0,3
1078,error,n,3,2
1079,escape,v,3,2
1080,escape,n,3,0
1081,especially,adv,1,1
1082,essay,n,3,0
1083,essential,adj,3,2
1084,essentially,adv,2,3
1085,establish,v,2,1
1086,establishment,n,0,2
1087,estate,n,2,2
1088,estimate,n,3,2
1089,estimate,v,3,2
1090,ethnic,adj,0,3
1091,even,adv,1,1
1092,evening,n,1,1
1093,event,n,1,1
1094,eventually,adv,1,2
1095,ever,adv,1,1
1096,every,determiner,1,1
1097,everybody,pron,1,3
1098,everyone,pron,1,1
1099,everything,pron,1,1
1100,everywhere,adv,2,3
1101,evidence,n,2,1
1102,evil,adj,3,3
1103,exact,adj,3,0
1104,exactly,adv,1,2
1105,exam,n,1,0
1106,examination,n,0,2
1107,examine,v,3,2
1108,example,n,1,1
1109,excellent,adj,1,2
1110,except,conjunction,2,2
1111,exception,n,3,2
1112,exchange,n,2,1
1113,excitement,n,3,3
1114,exciting,adj,2,3
1115,exclude,v,0,3
1116,excuse,v,1,0
1117,excuse,n,3,0
1118,executive,n,3,2
1119,executive,adj,0,3
1120,exercise,n,2,2
1121,exercise,v,3,2
1122,exhibition,n,0,2
1123,exist,v,2,1
1124,existence,n,3,2
1125,existing,adj,2,2
1126,exit,n,3,0
1127,expand,v,3,3
1128,expansion,n,0,3
1129,expect,v,1,1
1130,expectation,n,3,2
1131,expenditure,n,0,2
1132,expense,n,3,2
1133,expensive,adj,1,2
1134,experience,n,1,1
1135,experience,v,2,2
1136,experienced,adj,3,0
1137,experiment,n,3,2
1138,experimental,adj,0,3
1139,expert,n,3,2
1140,expert,adj,0,3
1141,explain,v,1,1
1142,explanation,n,3,2
1143,explore,v,3,2
1144,explosion,n,0,3
1145,export,n,0,2
1146,expose,v,0,3
1147,express,v,2,1
1148,expression,n,2,2
1149,extend,v,3,2
1150,extension,n,3,3
1151,extensive,adj,0,3
1152,extent,n,2,1
1153,external,adj,0,2
1154,extra,adj,1,2
1155,extraordinary,adj,3,3
1156,extreme,adj,3,3
1157,extremely,adv,2,2
1158,eye,n,1,1
1159,face,n,1,1
1160,face,v,1,1
1161,facility,n,2,1
1162,fact,n,1,1
1163,factor,n,3,1
1164,factory,n,2,2
1165,fail,v,2,1
1166,failure,n,3,2
1167,fair,adj,1,2
1168,fair,adv,2,3
1169,fairly,adv,1,2
1170,faith,n,3,2
1171,fall,v,1,1
1172,fall,n,2,2
1173,false,adj,0,3
1174,familiar,adj,3,2
1175,family,n,1,1
1176,famous,adj,2,2
1177,fan,n,3,2
1178,fancy,v,2,0
1179,fancy,adj,3,0
1180,fantastic,adj,3,0
1181,far,adv,1,1
1182,far,adj,1,1
1183,farm,n,2,2
1184,farmer,n,2,2
1185,fascinating,adj,3,0
1186,fashion,n,3,2
1187,fast,adv,2,3
1188,fast,adj,2,2
1189,fat,adj,2,3
1190,father,n,1,1
1191,fault,n,2,3
1192,favour,n,2,3
1193,favour,v,0,3
1194,favourite,adj,3,3
1195,fear,n,3,1
1196,fear,v,0,2
1197,feature,n,2,1
1198,feature,v,0,3
1199,federal,adj,0,1
1200,fee,n,3,3
1201,feed,v,1,2
1202,feedback,n,3,0
1203,feel,v,1,1
1204,feeling,n,1,1
1205,fellow,adj,0,3
1206,female,adj,3,2
1207,female,n,0,3
1208,fence,n,3,0
1209,festival,n,3,3
1210,fetch,v,3,0
1211,few,determiner,1,1
1212,field,n,1,1
1213,fight,v,1,1
1214,fight,n,2,3
1215,figure,n,1,1
1216,figure,v,1,3
1217,file,n,1,2
1218,file,v,3,3
1219,fill,v,1,1
1220,film,n,1,1
1221,filthy,adj,3,0
1222,final,adj,1,1
1223,finally,adv,2,1
1224,finance,n,3,2
1225,finance,v,0,3
1226,financial,adj,2,1
1227,find,v,1,1
1228,finding,n,0,2
1229,fine,adj,1,1
1230,fine,adv,3,0
1231,finger,n,2,2
1232,finish,v,1,2
1233,finish,n,3,0
1234,fire,n,1,1
1235,fire,v,3,3
1236,firm,n,1,1
1237,firm,adj,3,2
1238,first,adj,1,1
1239,first,adv,1,2
1240,firstly,adv,3,0
1241,fish,n,1,1
1242,fish,v,3,0
1243,fishing,n,3,0
1244,fit,v,1,2
1245,fit,adj,2,3
1246,fix,v,2,2
1247,fixed,adj,3,3
1248,flash,v,3,0
1249,flat,adj,2,2
1250,flat,n,2,3
1251,flesh,n,0,3
1252,flight,n,3,2
1253,flood,v,0,3
1254,floor,n,1,1
1255,flow,n,3,2
1256,flow,v,0,3
1257,flower,n,2,2
1258,fly,v,2,2
1259,focus,v,3,2
1260,focus,n,3,2
1261,fold,v,0,3
1262,folk,n,2,3
1263,follow,v,1,1
1264,following,adj,3,1
1265,food,n,1,1
1266,foot,n,1,1
1267,football,n,1,2
1268,for,prep,1,1
1269,force,n,2,1
1270,force,v,2,1
1271,foreign,adj,3,1
1272,forest,n,2,2
1273,forever,adv,2,3
1274,forget,v,1,1
1275,forgive,v,3,0
1276,fork,n,3,0
1277,form,n,1,1
1278,form,v,2,1
1279,formal,adj,2,2
1280,formally,adv,3,0
1281,formation,n,0,3
1282,former,adj,2,1
1283,formula,n,3,3
1284,forth,adv,2,0
1285,fortnight,n,3,0
1286,fortunate,adj,3,0
1287,fortune,n,3,3
1288,forward,adv,1,1
1289,forward,adj,2,3
1290,foundation,n,0,2
1291,frame,n,3,3
1292,frankly,adv,3,0
1293,free,adj,1,1
1294,free,v,3,3
1295,freedom,n,3,2
1296,freeway,n,2,3
1297,freeze,v,3,3
1298,freezer,n,3,0
1299,frequent,adj,0,3
1300,frequently,adv,3,2
1301,fresh,adj,2,2
1302,fridge,n,2,0
1303,friend,n,1,1
1304,friendly,adj,2,3
1305,friendship,n,0,3
1306,frightened,adj,3,0
1307,from,prep,1,1
1308,front,n,1,1
1309,front,adj,1,2
1310,fruit,n,2,3
1311,fry,v,3,0
1312,fuel,n,3,2
1313,fulfil,v,0,3
1314,full,adj,1,1
1315,fully,adv,2,2
1316,fun,n,2,3
1317,fun,adj,2,3
1318,function,n,3,1
1319,fund,n,3,1
1320,fund,v,3,3
1321,fundamental,adj,0,2
1322,funeral,n,3,0
1323,funny,adj,1,3
1324,furniture,n,2,3
1325,further,adv,1,1
1326,fuss,n,3,0
1327,future,adj,1,1
1328,future,n,1,1
1329,gain,v,3,2
1330,gain,n,0,3
1331,gallery,n,0,3
1332,game,n,1,1
1333,gang,n,3,0
1334,gap,n,2,2
1335,garage,n,2,0
1336,garbage,n,3,0
1337,garden,n,1,1
1338,garlic,n,3,0
1339,gas,n,1,2
1340,gasoline,n,3,3
1341,gate,n,2,2
1342,gather,v,3,2
1343,gay,adj,3,3
1344,gear,n,3,0
1345,gene,n,3,3
1346,general,adj,1,1
1347,generally,adv,2,1
1348,generate,v,3,2
1349,generation,n,3,2
1350,generous,adj,0,3
1351,gentle,adj,3,3
1352,gentleman,n,2,2
1353,gently,adv,0,3
1354,genuine,adj,3,3
1355,get,v,1,1
1356,giant,adj,0,3
1357,gift,n,2,2
1358,girl,n,1,1
1359,girlfriend,n,3,0
1360,give,v,1,1
1361,glad,adj,2,3
1362,glance,n,0,3
1363,glass,n,1,1
1364,global,adj,0,2
1365,glove,n,3,0
1366,go,v,1,1
1367,go,n,1,0
1368,goal,n,2,1
1369,god,n,1,1
1370,gold,n,2,2
1371,gold,adj,3,3
1372,golden,adj,0,3
1373,golf,n,2,3
1374,good,adj,1,1
1375,goodbye,interjection,3,0
1376,good morning,interjection,2,0
1377,goodness,n,2,0
1378,good night,S3,0,0
1379,goods,n,2,2
1380,gorgeous,adj,3,0
1381,gosh,interjection,2,0
1382,govern,v,0,3
1383,government,n,2,1
1384,governor,n,0,3
1385,grab,v,2,3
1386,grade,n,2,3
1387,gradually,adv,3,3
1388,gram,n,3,0
1389,grammar,n,3,3
1390,grand,adj,2,3
1391,grandad,n,3,0
1392,grandfather,n,3,0
1393,grandma,n,2,0
1394,grandmother,n,3,0
1395,grandpa,n,3,0
1396,granny,n,3,0
1397,grant,v,2,2
1398,grant,n,2,2
1399,graph,n,3,0
1400,grass,n,2,2
1401,grateful,adj,3,3
1402,great,adj,1,1
1403,greatly,adv,0,3
1404,green,adj,1,2
1405,green,n,2,3
1406,grey,adj,2,2
1407,grocery,n,3,0
1408,gross,adj,3,0
1409,ground,n,1,1
1410,group,n,1,1
1411,grow,v,1,1
1412,growth,n,3,1
1413,guarantee,v,2,3
1414,guarantee,n,3,0
1415,guard,n,3,3
1416,guess,v,1,3
1417,guess,n,3,0
1418,guest,n,3,2
1419,guidance,n,3,3
1420,guide,n,3,2
1421,guide,v,0,3
1422,guilty,adj,2,3
1423,guitar,n,3,3
1424,gun,n,2,2
1425,guy,n,1,3
1426,habit,n,3,3
1427,hair,n,1,1
1428,half,predeterminer,1,1
1429,half,n,1,2
1430,half,adv,2,0
1431,halfway,adj,3,0
1432,hall,n,2,2
1433,hand,n,1,1
1434,hand,v,2,2
1435,handbag,n,3,0
1436,handle,v,2,2
1437,handle,n,3,0
1438,handy,adj,3,0
1439,hang,v,1,2
1440,happen,v,1,1
1441,happy,adj,1,1
1442,hard,adj,1,1
1443,hard,adv,1,2
1444,hardly,adv,2,2
1445,harm,n,3,3
1446,hat,n,1,3
1447,hate,v,1,3
1448,have,auxv,1,1
1449,have,v,1,1
1450,have,v,1,3
1451,he,pron,1,1
1452,head,n,1,1
1453,head,v,2,2
1454,headquarters,n,0,3
1455,health,n,1,1
1456,healthy,adj,3,3
1457,hear,v,1,1
1458,hearing,n,3,2
1459,heart,n,1,1
1460,heat,n,2,2
1461,heat,v,3,0
1462,heater,n,3,0
1463,heating,n,3,0
1464,heaven,n,3,3
1465,heavily,adv,0,3
1466,heavy,adj,1,1
1467,height,n,2,3
1468,hell,n,1,3
1469,hello,interjection,1,0
1470,help,v,1,1
1471,help,n,1,1
1472,helpful,adj,2,3
1473,hence,adv,0,3
1474,her,determiner,1,1
1475,her,pron,1,1
1476,here,adv,1,1
1477,hero,n,0,3
1478,hers,pron,3,3
1479,herself,pron,2,1
1480,hesitate,v,0,3
1481,hi,interjection,1,0
1482,hide,v,2,2
1483,high,adj,1,1
1484,high,adv,3,0
1485,highlight,v,0,3
1486,highly,adv,2,2
1487,highway,n,3,0
1488,hill,n,2,2
1489,him,pron,1,1
1490,himself,pron,1,1
1491,hire,v,2,3
1492,his,determiner,1,1
1493,historian,n,0,3
1494,historical,adj,0,2
1495,history,n,2,1
1496,hit,v,1,2
1497,hit,n,3,3
1498,hold,v,1,1
1499,hold,n,2,3
1500,holder,n,0,2
1501,holding,n,0,3
1502,hole,n,1,2
1503,holiday,n,1,2
1504,holy,adj,0,3
1505,home,n,1,1
1506,home,adv,1,1
1507,homework,n,2,0
1508,honest,adj,1,3
1509,honestly,adv,2,0
1510,honey,n,2,0
1511,honour,n,0,3
1512,hook,n,3,0
1513,hook,v,3,0
1514,hope,v,1,1
1515,hope,n,2,2
1516,hopefully,adv,1,0
1517,hopeless,adj,3,0
1518,horrible,adj,2,0
1519,horror,n,0,3
1520,horse,n,1,1
1521,hospital,n,1,1
1522,host,n,0,3
1523,hot,adj,1,2
1524,hotel,n,2,1
1525,hour,n,1,1
1526,house,n,1,1
1527,household,n,3,2
1528,housing,n,0,2
1529,how,adv,1,1
1530,however,adv,1,1
1531,huge,adj,1,2
1532,human,adj,2,1
1533,human,n,0,3
1534,hungry,adj,2,0
1535,hunt,v,0,3
1536,hurry,v,3,0
1537,hurry,n,3,0
1538,hurt,v,1,2
1539,husband,n,1,1
1540,I,pron,1,1
1541,ice,n,2,3
1542,ice cream,n,2,0
1543,idea,n,1,1
1544,ideal,adj,3,3
1545,ideally,adv,3,0
1546,identify,v,2,1
1547,identity,n,0,2
1548,idiot,n,3,0
1549,if,conjunction,1,1
1550,ignore,v,2,2
1551,ill,adj,3,2
1552,illegal,adj,0,3
1553,illness,n,3,3
1554,illustrate,v,0,2
1555,image,n,2,1
1556,imagination,n,3,3
1557,imagine,v,1,2
1558,immediate,adj,3,2
1559,immediately,adv,2,1
1560,impact,n,3,2
1561,implement,v,0,3
1562,implication,n,3,2
1563,imply,v,0,2
1564,import,n,0,3
1565,importance,n,3,1
1566,important,adj,1,1
1567,impose,v,3,2
1568,impossible,adj,2,2
1569,impress,v,3,3
1570,impression,n,2,2
1571,impressive,adj,0,3
1572,improve,v,2,1
1573,improvement,n,3,2
1574,in,prep,1,1
1575,in,adv,1,1
1576,inch,n,2,3
1577,incident,n,3,2
1578,include,v,1,1
1579,including,prep,2,1
1580,income,n,2,1
1581,incorporate,v,0,3
1582,increase,v,2,1
1583,increase,n,2,1
1584,increasingly,adv,0,2
1585,incredible,adj,3,0
1586,incredibly,adv,3,0
1587,indeed,adv,1,1
1588,independence,n,0,2
1589,independent,adj,2,2
1590,index,n,0,2
1591,indicate,v,3,1
1592,indication,n,3,3
1593,individual,adj,2,1
1594,individual,n,2,1
1595,industrial,adj,3,1
1596,industry,n,2,1
1597,inevitable,adj,0,3
1598,inevitably,adv,0,3
1599,infant,n,0,3
1600,infection,n,0,3
1601,inflation,n,3,2
1602,influence,n,3,1
1603,influence,v,3,2
1604,inform,v,3,3
1605,informal,adj,0,3
1606,information,n,1,1
1607,initial,adj,3,2
1608,initially,adv,3,3
1609,initiative,n,3,2
1610,injure,v,0,3
1611,injury,n,3,2
1612,inner,adj,3,2
1613,innocent,adj,0,3
1614,innovation,n,0,3
1615,input,n,0,3
1616,inquiry,n,0,2
1617,insect,n,0,3
1618,inside,adv,2,2
1619,inside,n,3,0
1620,insist,v,3,2
1621,inspection,n,0,3
1622,inspector,n,3,3
1623,install,v,0,3
1624,instance,n,3,2
1625,instant,adj,3,0
1626,instead,adv,1,1
1627,institute,n,0,3
1628,institution,n,0,1
1629,instruction,n,3,2
1630,instrument,n,0,2
1631,insurance,n,2,2
1632,intellectual,adj,0,3
1633,intelligence,n,3,3
1634,intelligent,adj,3,0
1635,intend,v,2,1
1636,intense,adj,0,3
1637,intention,n,3,2
1638,interaction,n,0,3
1639,interest,n,2,1
1640,interested,adj,1,2
1641,interesting,adj,1,2
1642,internal,adj,0,2
1643,international,adj,2,1
1644,Internet,n,2,2
1645,interpret,v,0,3
1646,interpretation,n,0,2
1647,interval,n,0,3
1648,intervention,n,0,3
1649,interview,n,2,2
1650,interview,v,2,0
1651,into,prep,1,1
1652,introduce,v,2,1
1653,introduction,n,3,2
1654,invest,v,3,3
1655,investigate,v,0,2
1656,investigation,n,0,2
1657,investment,n,2,1
1658,invite,v,2,2
1659,involve,v,2,1
1660,involved,adj,2,3
1661,involvement,n,0,3
1662,iron,n,2,3
1663,iron,v,3,0
1664,island,n,3,2
1665,issue,n,1,1
1666,issue,v,3,2
1667,it,pron,1,1
1668,item,n,3,2
1669,its,determiner,1,1
1670,itself,pron,1,1
1671,jacket,n,2,3
1672,jam,n,3,0
1673,job,n,1,1
1674,join,v,1,1
1675,joint,adj,2,2
1676,joke,n,2,3
1677,joke,v,3,0
1678,journalist,n,0,3
1679,journey,n,3,2
1680,joy,n,0,3
1681,judge,n,2,2
1682,judge,v,3,3
1683,judgment,n,0,2
1684,juice,n,2,0
1685,jump,v,2,3
1686,jump,n,3,0
1687,jumper,n,3,0
1688,junior,adj,0,3
1689,jury,n,3,3
1690,just,adv,1,1
1691,justice,n,0,2
1692,justify,v,3,3
1693,keen,adj,3,3
1694,keep,v,1,1
1695,kettle,n,3,0
1696,key,adj,3,2
1697,key,n,2,2
1698,keyboard,n,3,0
1699,kick,v,2,3
1700,kick,n,3,0
1701,kid,n,1,2
1702,kid,v,2,0
1703,kill,v,1,1
1704,kilometre,n,3,3
1705,kind,n,1,1
1706,kind,adj,3,3
1707,king,n,0,1
1708,kiss,v,3,3
1709,kit,n,3,0
1710,kitchen,n,1,2
1711,knee,n,2,2
1712,knife,n,3,3
1713,knock,v,1,3
1714,know,v,1,1
1715,knowledge,n,2,1
1716,known,adj,0,3
1717,lab,n,3,0
1718,label,n,3,3
1719,laboratory,n,0,3
1720,labour,n,2,1
1721,lack,n,3,2
1722,lack,v,0,3
1723,lad,n,2,3
1724,ladder,n,3,0
1725,lady,n,1,2
1726,lake,n,3,3
1727,lamb,n,3,0
1728,lamp,n,3,0
1729,land,n,1,1
1730,land,v,2,3
1731,landlord,n,0,3
1732,landscape,n,0,3
1733,lane,n,3,3
1734,language,n,1,1
1735,large,adj,1,1
1736,largely,adv,3,2
1737,last,determiner,1,1
1738,last,adv,1,1
1739,last,n,1,1
1740,last,v,1,2
1741,late,adj,1,1
1742,late,adv,2,3
1743,later,adv,1,1
1744,latter,n,0,2
1745,laugh,v,2,2
1746,laugh,n,3,0
1747,launch,v,0,2
1748,law,n,1,1
1749,lawyer,n,3,2
1750,lay,v,1,2
1751,layer,n,3,3
1752,lead,v,1,1
1753,lead,n,2,2
1754,leader,n,2,1
1755,leadership,n,3,2
1756,leading,adj,0,2
1757,leaf,n,2,2
1758,league,n,0,2
1759,lean,v,3,0
1760,learn,v,1,1
1761,least,determiner,1,1
1762,leather,n,0,3
1763,leave,v,1,1
1764,leave,n,3,2
1765,lecture,n,2,3
1766,left,adj,1,1
1767,left,adv,3,3
1768,left,n,3,3
1769,leg,n,1,1
1770,legal,adj,2,1
1771,legislation,n,0,2
1772,leisure,n,0,3
1773,lend,v,3,3
1774,length,n,2,2
1775,less,adv,1,1
1776,less,determiner,1,1
1777,lesson,n,2,3
1778,let,v,1,1
1779,letter,n,1,1
1780,level,n,1,1
1781,level,adj,1,2
1782,liberal,adj,0,2
1783,library,n,2,1
1784,licence,n,3,2
1785,lick,v,3,0
1786,lid,n,3,0
1787,lie,v,2,1
1788,lie,v,3,3
1789,lie,n,3,0
1790,life,n,1,1
1791,lift,v,2,2
1792,lift,n,3,3
1793,light,n,1,1
1794,light,adj,1,1
1795,light,v,2,3
1796,lighting,n,3,0
1797,like,prep,1,1
1798,like,v,1,1
1799,like,n,0,3
1800,like,adv,1,0
1801,like,conjunction,1,0
1802,likely,adj,1,1
1803,limit,n,2,2
1804,limit,v,3,2
1805,limitation,n,0,3
1806,limited,adj,0,2
1807,line,n,1,1
1808,link,v,3,2
1809,link,n,3,2
1810,lip,n,3,2
1811,liquid,n,0,3
1812,list,n,1,1
1813,list,v,2,3
1814,listen,v,1,1
1815,literally,adv,2,0
1816,literary,adj,0,2
1817,literature,n,3,2
1818,little,adj,1,1
1819,little,determiner,1,1
1820,little,adv,1,1
1821,live,v,1,1
1822,live,adj,3,3
1823,lively,adj,3,0
1824,living,n,2,0
1825,load,n,1,3
1826,loan,n,2,2
1827,local,adj,1,1
1828,locate,v,0,3
1829,location,n,3,2
1830,lock,v,2,3
1831,lock,n,2,0
1832,log,n,3,0
1833,logical,adj,3,0
1834,lonely,adj,3,0
1835,long,adj,1,1
1836,long,adv,1,1
1837,long-term,adj,0,3
1838,look,v,1,1
1839,look,n,1,1
1840,loose,adj,3,3
1841,lord,n,3,2
1842,lorry,n,3,0
1843,lose,v,1,1
1844,loss,n,2,1
1845,lost,adj,2,3
1846,lot,pron,1,1
1847,lot,n,2,0
1848,loud,adj,2,3
1849,loud,adv,3,0
1850,lounge,n,3,0
1851,love,v,1,1
1852,love,n,1,1
1853,lovely,adj,1,3
1854,lover,n,0,3
1855,low,adj,1,1
1856,lower,adj,0,3
1857,lower,v,3,3
1858,luck,n,2,3
1859,luckily,adv,3,0
1860,lucky,adj,2,3
1861,lump,n,2,0
1862,lunch,n,1,2
1863,lunchtime,n,3,0
1864,machine,n,1,1
1865,machinery,n,0,3
1866,mad,adj,2,3
1867,madam,n,3,0
1868,magazine,n,2,2
1869,magic,n,0,3
1870,mail,n,3,3
1871,mail,v,3,0
1872,main,adj,1,1
1873,mainly,adv,2,2
1874,maintain,v,2,1
1875,maintenance,n,0,3
1876,major,adj,1,1
1877,majority,n,2,1
1878,make,v,1,1
1879,male,adj,3,2
1880,male,n,0,3
1881,mall,n,3,3
1882,man,n,1,1
1883,manage,v,1,1
1884,management,n,1,1
1885,manager,n,1,1
1886,manner,n,3,2
1887,manufacturer,n,0,2
1888,manufacturing,n,0,3
1889,many,determiner,1,1
1890,map,n,2,2
1891,march,v,0,2
1892,march,n,0,3
1893,margin,n,0,3
1894,mark,n,3,2
1895,mark,v,2,2
1896,market,n,1,1
1897,marketing,n,3,3
1898,marriage,n,2,2
1899,married,adj,2,2
1900,marry,v,1,2
1901,marvellous,adj,2,0
1902,mass,n,0,2
1903,mass,adj,0,3
1904,massive,adj,2,3
1905,master,n,2,2
1906,match,n,2,2
1907,match,v,3,2
1908,mate,n,2,0
1909,material,n,1,1
1910,material,adj,0,3
1911,math,n,2,0
1912,maths,n,2,0
1913,matter,n,1,1
1914,matter,v,1,3
1915,maximum,adj,3,3
1916,may,modv,1,1
1917,maybe,adv,1,1
1918,me,pron,1,1
1919,meal,n,2,2
1920,mean,v,1,1
1921,meaning,n,2,1
1922,means,n,2,2
1923,meanwhile,adv,0,2
1924,measure,v,2,2
1925,measure,n,0,2
1926,measurement,n,0,3
1927,meat,n,2,3
1928,mechanism,n,3,3
1929,media,n,2,2
1930,medical,adj,2,2
1931,medicine,n,2,3
1932,medieval,adj,0,3
1933,medium,adj,3,0
1934,meet,v,1,1
1935,meeting,n,1,1
1936,member,n,1,1
1937,membership,n,2,2
1938,memory,n,2,1
1939,mental,adj,2,2
1940,mention,v,1,1
1941,menu,n,3,0
1942,mere,adj,0,3
1943,merely,adv,3,2
1944,mess,n,2,0
1945,mess,v,2,0
1946,message,n,1,2
1947,messy,adj,3,0
1948,metal,n,2,2
1949,method,n,1,1
1950,metre,n,2,3
1951,middle,n,1,2
1952,middle,adj,1,2
1953,midnight,n,3,0
1954,might,modv,1,1
1955,mile,n,1,1
1956,military,adj,2,1
1957,milk,n,2,3
1958,millimetre,n,3,0
1959,mind,n,1,1
1960,mind,v,1,2
1961,mine,pron,1,0
1962,mine,n,2,3
1963,mineral,n,0,3
1964,minimum,adj,2,3
1965,minister,n,1,1
1966,ministry,n,0,2
1967,minor,adj,2,2
1968,minority,n,3,2
1969,minute,n,1,1
1970,mirror,n,3,3
1971,misery,n,3,0
1972,miss,v,1,2
1973,miss,n,2,0
1974,mission,n,3,2
1975,mistake,n,2,2
1976,mix,v,2,3
1977,mixed,adj,2,0
1978,mixture,n,3,3
1979,mobile,n,2,0
1980,mobile phone,n,2,3
1981,mode,n,0,3
1982,model,n,2,1
1983,modern,adj,1,1
1984,mom,n,1,0
1985,moment,n,1,1
1986,mommy,n,3,0
1987,money,n,1,1
1988,monitor,v,3,3
1989,month,n,1,1
1990,mood,n,3,3
1991,moon,n,0,3
1992,moral,adj,3,2
1993,more,adv,1,1
1994,more,determiner,1,1
1995,moreover,adv,0,2
1996,morning,n,1,1
1997,mortgage,n,0,3
1998,most,adv,1,1
1999,most,determiner,1,1
2000,mostly,adv,2,3
2001,mother,n,1,1
2002,motion,n,0,3
2003,motor,n,3,3
2004,motorway,n,2,0
2005,mountain,n,3,3
2006,mouse,n,2,3
2007,mouth,n,2,1
2008,move,v,1,1
2009,move,n,2,1
2010,movement,n,1,1
2011,movie,n,2,2
2012,much,adv,1,1
2013,much,determiner,1,1
2014,mud,n,3,0
2015,mum,n,1,2
2016,mummy,n,1,0
2017,murder,n,3,2
2018,muscle,n,2,3
2019,museum,n,3,2
2020,mushroom,n,3,0
2021,music,n,1,1
2022,musical,adj,3,3
2023,must,modv,1,1
2024,my,determiner,1,1
2025,myself,pron,1,1
2026,mystery,n,0,3
2027,nail,n,3,0
2028,naked,adj,3,0
2029,name,n,1,1
2030,name,v,2,2
2031,narrow,adj,3,2
2032,nasty,adj,2,0
2033,nation,n,3,2
2034,national,adj,1,1
2035,native,adj,3,3
2036,natural,adj,2,1
2037,naturally,adv,3,3
2038,nature,n,1,1
2039,naughty,adj,3,0
2040,near,adv,1,1
2041,near,adj,2,3
2042,nearby,adj,0,3
2043,nearly,adv,1,1
2044,neat,adj,2,0
2045,necessarily,adv,2,2
2046,necessary,adj,2,1
2047,neck,n,2,2
2048,need,v,1,1
2049,need,n,1,1
2050,negative,adj,2,2
2051,negotiate,v,3,3
2052,negotiation,n,3,2
2053,neighbour,n,2,2
2054,neighbourhood,n,3,3
2055,neither,determiner,0,3
2056,neither,adv,2,3
2057,nerve,n,3,3
2058,nervous,adj,3,3
2059,net,n,0,3
2060,net,v,0,3
2061,network,n,3,2
2062,never,adv,1,1
2063,nevertheless,adv,3,2
2064,new,adj,1,1
2065,newly,adv,0,3
2066,news,n,1,1
2067,newspaper,n,2,2
2068,next,determiner,1,1
2069,next,adv,1,1
2070,nice,adj,1,2
2071,nicely,adv,3,0
2072,night,n,1,1
2073,nil,n,3,0
2074,no,adv,1,1
2075,no,determiner,1,1
2076,nobody,pron,1,2
2077,nod,v,0,2
2078,noise,n,2,2
2079,noisy,adj,3,0
2080,none,pron,1,2
2081,nonsense,n,3,0
2082,no one,pron,1,2
2083,nope,adv,3,0
2084,nor,conjunction,2,1
2085,normal,adj,1,1
2086,normally,adv,1,2
2087,north,n,1,2
2088,northern,adj,2,2
2089,nose,n,2,2
2090,not,adv,1,1
2091,notably,adv,0,3
2092,note,n,1,1
2093,note,v,3,1
2094,nothing,pron,1,1
2095,notice,v,1,2
2096,notice,n,2,2
2097,notion,n,0,3
2098,novel,n,0,3
2099,now,adv,1,1
2100,now,conjunction,1,3
2101,nowadays,adv,2,0
2102,no way,adv,2,0
2103,nowhere,adv,2,0
2104,nuclear,adj,0,2
2105,nuisance,n,3,0
2106,number,n,1,1
2107,numerous,adj,0,3
2108,nurse,n,2,3
2109,nut,n,3,0
2110,object,n,3,2
2111,object,v,2,0
2112,objection,n,3,0
2113,objective,n,3,3
2114,objective,adj,3,0
2115,obligation,n,0,3
2116,observation,n,0,3
2117,observe,v,0,2
2118,obtain,v,3,2
2119,obvious,adj,2,2
2120,obviously,adv,1,2
2121,occasion,n,1,2
2122,occasional,adj,3,3
2123,occasionally,adv,2,3
2124,occupation,n,3,3
2125,occupy,v,0,2
2126,occur,v,1,1
2127,ocean,n,3,2
2128,o'clock,adv,1,3
2129,odd,adj,1,3
2130,odds,n,3,0
2131,of,prep,1,1
2132,of course,adv,1,1
2133,off,adv,1,1
2134,offence,n,3,2
2135,offer,v,1,1
2136,offer,n,2,1
2137,office,n,1,1
2138,officer,n,1,1
2139,official,n,3,1
2140,official,adj,3,2
2141,often,adv,1,1
2142,oil,n,2,1
2143,OK,interjection,1,0
2144,OK,adj,1,0
2145,old,adj,1,1
2146,on,prep,1,1
2147,on,adj,1,1
2148,once,adv,1,1
2149,once,conjunction,1,1
2150,one,number,1,1
2151,one,pron,1,1
2152,one,determiner,1,1
2153,one another,pron,3,3
2154,onion,n,3,0
2155,only,adv,1,1
2156,only,adj,1,1
2157,onto,prep,1,2
2158,open,adj,1,1
2159,open,v,1,1
2160,opening,n,3,0
2161,operate,v,3,2
2162,operation,n,1,1
2163,operator,n,0,3
2164,opinion,n,1,2
2165,opponent,n,0,3
2166,opportunity,n,1,1
2167,oppose,v,3,3
2168,opposite,prep,2,2
2169,opposition,n,3,2
2170,option,n,1,2
2171,or,conjunction,1,1
2172,orange,n,3,0
2173,order,n,1,1
2174,order,v,2,2
2175,ordinary,adj,1,2
2176,organ,n,0,3
2177,organic,adj,0,3
2178,organization,n,2,1
2179,organize,v,1,2
2180,organized,adj,3,0
2181,origin,n,0,2
2182,original,adj,1,1
2183,originally,adv,2,2
2184,other,determiner,1,1
2185,otherwise,adv,1,2
2186,ought to,modv,1,1
2187,ounce,n,3,0
2188,our,determiner,1,1
2189,ours,pron,1,0
2190,ourselves,pron,1,3
2191,out,adv,1,1
2192,out,prep,1,1
2193,outcome,n,0,3
2194,output,n,0,2
2195,outside,adv,1,1
2196,outside,adj,2,2
2197,outside,n,3,0
2198,outstanding,adj,0,3
2199,oven,n,3,0
2200,over,prep,1,1
2201,over,adv,1,1
2202,overall,adj,3,2
2203,overcome,v,0,3
2204,overseas,adv,0,3
2205,owe,v,2,3
2206,own,adj,1,1
2207,own,v,2,2
2208,owner,n,2,2
2209,ownership,n,0,3
2210,pace,n,0,3
2211,pack,v,2,3
2212,pack,n,2,3
2213,package,n,2,2
2214,packet,n,2,0
2215,pad,n,3,0
2216,page,n,1,1
2217,pain,n,2,2
2218,paint,n,2,2
2219,paint,v,2,3
2220,painting,n,3,2
2221,pair,n,2,2
2222,palace,n,0,3
2223,pale,adj,0,3
2224,pan,n,3,3
2225,panel,n,1,2
2226,panic,n,3,0
2227,pants,n,3,0
2228,paper,n,1,1
2229,parcel,n,3,0
2230,pardon,interjection,2,0
2231,parent,n,1,1
2232,park,n,1,2
2233,park,v,2,0
2234,parking,n,3,0
2235,parliament,n,0,2
2236,part,n,1,1
2237,participate,v,0,3
2238,particular,adj,1,1
2239,particularly,adv,1,1
2240,partly,adv,2,2
2241,partner,n,2,2
2242,partnership,n,0,3
2243,party,n,1,1
2244,pass,v,1,1
2245,pass,n,2,3
2246,passage,n,0,2
2247,passenger,n,3,2
2248,passion,n,0,3
2249,past,adj,1,1
2250,past,prep,1,2
2251,past,n,1,2
2252,path,n,2,2
2253,patience,n,3,0
2254,patient,n,2,1
2255,patient,adj,0,3
2256,pattern,n,2,1
2257,pause,v,0,3
2258,pay,v,1,1
2259,pay,n,1,2
2260,payment,n,2,1
2261,peace,n,2,2
2262,peaceful,adj,3,0
2263,peak,n,0,3
2264,pen,n,2,0
2265,penalty,n,0,3
2266,pencil,n,2,0
2267,penny,n,1,0
2268,pension,n,2,2
2269,people,n,1,1
2270,pepper,n,3,0
2271,per,prep,3,1
2272,perceive,v,0,3
2273,percent,n,3,2
2274,percentage,n,0,3
2275,perception,n,0,3
2276,perfect,adj,2,2
2277,perfectly,adv,2,3
2278,perform,v,3,2
2279,performance,n,2,1
2280,perhaps,adv,1,1
2281,period,n,1,1
2282,permanent,adj,2,2
2283,permission,n,2,3
2284,permit,v,0,3
2285,person,n,1,1
2286,personal,adj,1,1
2287,personality,n,3,3
2288,personally,adv,2,0
2289,personnel,n,0,3
2290,perspective,n,0,3
2291,persuade,v,3,2
2292,petrol,n,3,0
2293,phase,n,0,2
2294,phenomenon,n,0,3
2295,philosophy,n,0,3
2296,phone,n,1,2
2297,phone,v,1,0
2298,photo,n,3,3
2299,photocopy,n,3,3
2300,photocopy,v,3,3
2301,photograph,n,2,2
2302,phrase,n,3,3
2303,physical,adj,2,1
2304,physically,adv,3,0
2305,physics,n,3,0
2306,piano,n,3,0
2307,pick,v,1,1
2308,picture,n,1,1
2309,pie,n,2,0
2310,piece,n,1,1
2311,pig,n,2,0
2312,pile,n,2,0
2313,pill,n,3,0
2314,pilot,n,0,3
2315,pin,n,3,0
2316,pink,adj,2,3
2317,pint,n,2,0
2318,pipe,n,2,3
2319,pitch,n,3,3
2320,pity,n,3,0
2321,pizza,n,2,0
2322,place,n,1,1
2323,place,v,2,1
2324,plain,adj,2,3
2325,plan,n,1,1
2326,plan,v,1,1
2327,plane,n,2,2
2328,planet,n,0,3
2329,plant,n,2,1
2330,plastic,n,2,2
2331,plate,n,2,2
2332,platform,n,3,3
2333,play,v,1,1
2334,play,n,1,2
2335,player,n,2,1
2336,pleasant,adj,3,3
2337,please,interjection,1,2
2338,please,v,0,3
2339,pleased,adj,2,3
2340,pleasure,n,2,2
2341,plenty,pron,1,1
2342,plot,n,0,3
2343,plug,n,3,0
2344,plus,prep,1,2
2345,pocket,n,2,2
2346,poem,n,3,3
2347,poet,n,0,3
2348,poetry,n,0,3
2349,point,n,1,1
2350,point,v,2,2
2351,pole,n,0,3
2352,police,n,1,1
2353,policeman,n,2,3
2354,policy,n,3,1
2355,polite,adj,3,0
2356,political,adj,2,1
2357,politician,n,0,2
2358,politics,n,2,2
2359,poll,n,0,3
2360,pollution,n,0,2
2361,pond,n,3,0
2362,pool,n,2,2
2363,poor,adj,1,1
2364,pop,v,2,0
2365,pop,n,3,3
2366,popular,adj,2,1
2367,population,n,2,1
2368,port,n,0,2
2369,pose,v,0,3
2370,position,n,1,1
2371,positive,adj,2,2
2372,possess,v,0,3
2373,possession,n,0,3
2374,possibility,n,2,2
2375,possible,adj,1,1
2376,possibly,adv,1,2
2377,post,n,2,2
2378,post,v,3,0
2379,poster,n,3,0
2380,pot,n,2,3
2381,potato,n,2,0
2382,potential,adj,3,2
2383,potential,n,0,3
2384,pound,n,1,2
2385,pour,v,2,3
2386,poverty,n,0,3
2387,power,n,1,1
2388,powerful,adj,3,2
2389,practical,adj,3,2
2390,practice,n,2,1
2391,practise,v,3,3
2392,praise,n,0,3
2393,pray,v,3,3
2394,prayer,n,3,3
2395,precise,adj,0,3
2396,precisely,adv,2,3
2397,predict,v,0,3
2398,prefer,v,2,2
2399,preference,n,0,3
2400,pregnant,adj,3,0
2401,premise,n,0,3
2402,preparation,n,3,3
2403,prepare,v,1,1
2404,prepared,adj,2,0
2405,presence,n,3,2
2406,present,adj,2,2
2407,present,v,2,1
2408,present,n,2,3
2409,presentation,n,2,3
2410,preserve,v,0,3
2411,president,n,2,2
2412,press,n,2,2
2413,press,v,1,2
2414,pressure,n,1,1
2415,presumably,adv,1,3
2416,presume,v,3,0
2417,pretend,v,2,3
2418,pretty,adv,1,3
2419,pretty,adj,2,3
2420,prevent,v,2,1
2421,previous,adj,1,1
2422,previously,adv,3,2
2423,price,n,1,1
2424,pride,n,3,3
2425,priest,n,0,3
2426,primarily,adv,0,3
2427,primary,adj,2,2
2428,prince,n,0,3
2429,princess,n,0,3
2430,principal,adj,0,2
2431,principle,n,2,1
2432,print,v,2,3
2433,print,n,0,3
2434,printer,n,3,3
2435,prior,adj,0,3
2436,priority,n,2,2
2437,prison,n,2,2
2438,prisoner,n,3,2
2439,private,adj,1,1
2440,privilege,n,0,3
2441,prize,n,2,2
2442,probably,adv,1,1
2443,problem,n,1,1
2444,procedure,n,2,2
2445,proceed,v,3,3
2446,proceeding,n,0,2
2447,process,n,1,1
2448,produce,v,1,1
2449,producer,n,0,3
2450,product,n,1,1
2451,production,n,1,1
2452,profession,n,0,3
2453,professional,adj,2,1
2454,professional,n,0,3
2455,professor,n,3,3
2456,profile,n,0,3
2457,profit,n,1,1
2458,program,n,0,1
2459,programme,n,1,1
2460,progress,n,2,2
2461,project,n,1,1
2462,promise,v,2,2
2463,promise,n,3,2
2464,promote,v,3,2
2465,promotion,n,3,3
2466,prompt,adj,0,3
2467,proof,n,3,3
2468,proper,adj,1,2
2469,properly,adv,1,2
2470,property,n,2,1
2471,proportion,n,2,2
2472,proposal,n,2,1
2473,propose,v,2,2
2474,proposed,adj,0,3
2475,prosecution,n,0,3
2476,prospect,n,0,2
2477,protect,v,2,2
2478,protection,n,2,2
2479,protest,n,0,3
2480,proud,adj,2,3
2481,prove,v,2,1
2482,provide,v,1,1
2483,provided,conjunction,3,2
2484,providing,conjunction,2,0
2485,provision,n,3,1
2486,psychological,adj,0,3
2487,psychology,n,0,3
2488,pub,n,2,3
2489,public,adj,1,1
2490,public,n,2,2
2491,publication,n,0,2
2492,publicity,n,3,3
2493,publish,v,3,1
2494,publisher,n,0,3
2495,pudding,n,3,0
2496,pull,v,1,1
2497,punch,v,3,0
2498,punishment,n,0,3
2499,pupil,n,2,1
2500,purchase,v,0,3
2501,purchase,n,0,3
2502,pure,adj,3,3
2503,purely,adv,3,3
2504,purpose,n,2,2
2505,purse,n,3,0
2506,pursue,v,3,2
2507,push,v,1,2
2508,put,v,1,1
2509,qualification,n,0,3
2510,qualify,v,3,3
2511,quality,n,1,1
2512,quantity,n,3,2
2513,quarter,n,1,2
2514,queen,n,2,2
2515,question,n,1,1
2516,question,v,2,3
2517,queue,n,3,0
2518,quick,adj,1,2
2519,quick,adv,3,0
2520,quickly,adv,1,1
2521,quid,n,2,0
2522,quiet,adj,2,2
2523,quietly,adv,3,3
2524,quit,v,3,0
2525,quite,predeterminer,1,1
2526,quote,v,2,3
2527,quote,n,2,0
2528,race,n,2,2
2529,racing,n,3,0
2530,radical,adj,0,3
2531,radio,n,1,2
2532,rail,n,2,2
2533,railway,n,2,2
2534,rain,n,2,2
2535,rain,v,3,0
2536,raise,v,1,1
2537,range,n,1,1
2538,range,v,0,3
2539,rank,n,0,3
2540,rapid,adj,0,3
2541,rapidly,adv,0,3
2542,rare,adj,3,2
2543,rarely,adv,0,2
2544,rate,n,1,1
2545,rather,predeterminer,1,1
2546,ratio,n,0,3
2547,raw,adj,0,3
2548,reach,v,1,1
2549,react,v,3,3
2550,reaction,n,2,2
2551,read,v,1,1
2552,reader,n,3,2
2553,readily,adv,0,3
2554,reading,n,0,2
2555,ready,adj,1,2
2556,real,adj,1,1
2557,realistic,adj,3,0
2558,reality,n,2,2
2559,realize,v,1,1
2560,really,adv,1,1
2561,reason,n,1,1
2562,reasonable,adj,1,2
2563,reasonably,adv,2,3
2564,recall,v,3,2
2565,receipt,n,2,0
2566,receive,v,1,1
2567,recent,adj,2,1
2568,recently,adv,1,1
2569,reception,n,0,3
2570,recipe,n,3,0
2571,reckon,v,1,3
2572,recognition,n,3,2
2573,recognize,v,1,1
2574,recommend,v,2,2
2575,recommendation,n,3,3
2576,record,n,1,1
2577,record,v,3,2
2578,recording,n,0,3
2579,recover,v,0,2
2580,recovery,n,0,3
2581,red,adj,1,1
2582,reduce,v,1,1
2583,reduction,n,3,2
2584,refer,v,1,1
2585,reference,n,2,1
2586,reflect,v,2,1
2587,reflection,n,0,3
2588,reform,n,0,2
2589,refrigerator,n,3,0
2590,refuse,v,2,1
2591,regard,n,3,0
2592,regard,v,2,1
2593,regime,n,0,2
2594,region,n,1,1
2595,regional,adj,1,2
2596,register,n,3,3
2597,register,v,3,3
2598,registration,n,3,0
2599,regret,v,0,3
2600,regular,adj,2,2
2601,regularly,adv,3,3
2602,regulation,n,2,2
2603,reinforce,v,0,3
2604,reject,v,3,2
2605,relate,v,2,1
2606,related,adj,2,3
2607,relation,n,2,1
2608,relationship,n,1,1
2609,relative,n,3,3
2610,relative,adj,0,2
2611,relatively,adv,2,2
2612,relax,v,3,3
2613,release,v,2,2
2614,release,n,3,2
2615,relevant,adj,2,2
2616,relief,n,2,2
2617,relieve,v,3,0
2618,religion,n,2,2
2619,religious,adj,2,2
2620,rely,v,3,2
2621,remain,v,1,1
2622,remaining,adj,0,2
2623,remains,n,0,3
2624,remark,n,0,3
2625,remarkable,adj,0,3
2626,remember,v,1,1
2627,remind,v,1,2
2628,remote,adj,0,3
2629,remove,v,2,1
2630,rent,v,2,3
2631,rent,n,2,3
2632,repair,v,3,0
2633,repair,n,0,3
2634,repeat,v,2,2
2635,replace,v,2,1
2636,replacement,n,0,3
2637,reply,v,0,2
2638,reply,n,3,3
2639,report,n,2,1
2640,report,v,2,1
2641,reporter,n,3,0
2642,represent,v,2,1
2643,representation,n,3,2
2644,representative,n,3,2
2645,republic,n,0,2
2646,reputation,n,0,3
2647,request,n,3,2
2648,require,v,1,1
2649,requirement,n,2,2
2650,rescue,v,3,3
2651,research,n,2,1
2652,reserve,v,0,3
2653,reserve,n,3,0
2654,resident,n,3,3
2655,residential,adj,0,3
2656,resign,v,0,3
2657,resignation,n,0,3
2658,resist,v,0,3
2659,resistance,n,3,3
2660,resolution,n,0,3
2661,resolve,v,0,3
2662,resort,n,0,3
2663,resource,n,2,1
2664,respect,n,1,1
2665,respectively,adv,0,3
2666,respond,v,2,2
2667,response,n,1,1
2668,responsibility,n,2,1
2669,responsible,adj,2,2
2670,rest,n,1,1
2671,rest,v,3,3
2672,restaurant,n,2,2
2673,restore,v,0,3
2674,restrict,v,0,3
2675,restriction,n,0,3
2676,result,n,1,1
2677,result,v,0,2
2678,retain,v,0,2
2679,retire,v,2,3
2680,retirement,n,3,3
2681,return,v,2,1
2682,return,n,2,2
2683,reveal,v,0,1
2684,revenue,n,0,2
2685,reverse,v,0,3
2686,review,n,2,2
2687,review,v,3,3
2688,revolution,n,3,2
2689,reward,n,0,3
2690,rhythm,n,0,3
2691,rice,n,3,0
2692,rich,adj,2,2
2693,rid,adj,1,0
2694,ride,v,2,2
2695,ride,n,3,0
2696,ridiculous,adj,2,0
2697,right,adj,1,1
2698,right,interjection,2,0
2699,right,adv,1,1
2700,right,n,1,1
2701,ring,n,1,2
2702,ring,v,1,2
2703,rip,v,3,0
2704,rise,v,2,1
2705,rise,n,3,2
2706,risk,n,2,1
2707,rival,n,0,3
2708,river,n,2,2
2709,road,n,1,1
2710,rob,v,3,0
2711,rock,n,2,2
2712,role,n,2,1
2713,roll,v,1,2
2714,roof,n,2,2
2715,room,n,1,1
2716,root,n,2,2
2717,rope,n,3,3
2718,rough,adj,2,3
2719,roughly,adv,2,0
2720,round,adv,2,2
2721,round,adj,1,2
2722,route,n,3,2
2723,routine,n,0,3
2724,row,n,2,2
2725,royal,adj,3,1
2726,rub,v,2,0
2727,rubber,n,3,0
2728,rubbish,n,2,0
2729,rude,adj,3,0
2730,ruin,v,3,0
2731,rule,n,1,1
2732,rule,v,0,2
2733,run,v,1,1
2734,rural,adj,0,2
2735,rush,v,2,3
2736,sack,n,3,0
2737,sad,adj,2,3
2738,safe,adj,2,2
2739,safety,n,2,2
2740,sail,v,3,0
2741,sake,n,2,3
2742,salad,n,2,0
2743,salary,n,2,3
2744,sale,n,1,1
2745,salt,n,2,3
2746,same,adj,1,1
2747,same,pron,1,1
2748,same,adv,1,1
2749,sample,n,3,2
2750,sand,n,3,3
2751,sandwich,n,2,0
2752,satellite,n,0,3
2753,satisfaction,n,0,3
2754,satisfied,adj,3,0
2755,satisfy,v,3,2
2756,sauce,n,3,0
2757,sausage,n,3,0
2758,save,v,1,1
2759,saving,n,3,3
2760,say,v,1,1
2761,scale,n,2,2
2762,scared,adj,3,0
2763,scene,n,2,2
2764,schedule,n,2,3
2765,schedule,v,3,0
2766,scheme,n,2,1
2767,school,n,1,1
2768,science,n,1,1
2769,scientific,adj,3,2
2770,scientist,n,3,2
2771,scope,n,0,3
2772,score,n,2,2
2773,score,v,3,2
2774,scratch,v,3,0
2775,scream,v,3,0
2776,screen,n,2,2
2777,screw,n,3,0
2778,script,n,3,0
2779,sea,n,2,1
2780,seal,n,3,0
2781,search,n,3,2
2782,search,v,0,3
2783,season,n,2,1
2784,seat,n,2,1
2785,second,number,1,1
2786,second,n,1,2
2787,secondary,adj,3,2
2788,secondly,adv,3,0
2789,secret,adj,3,2
2790,secret,n,3,3
2791,secretary,n,2,1
2792,section,n,1,1
2793,sector,n,0,1
2794,secure,adj,3,3
2795,secure,v,0,3
2796,security,n,0,1
2797,see,v,1,1
2798,seed,n,3,3
2799,seek,v,2,1
2800,seem,v,1,1
2801,seize,v,0,3
2802,select,v,2,2
2803,selection,n,3,2
2804,self,n,2,3
2805,sell,v,1,1
2806,send,v,1,1
2807,senior,adj,0,2
2808,sense,n,1,1
2809,sensible,adj,3,3
2810,sensitive,adj,3,3
2811,sentence,n,1,2
2812,separate,adj,2,2
2813,separate,v,2,2
2814,sequence,n,0,2
2815,series,n,2,1
2816,serious,adj,1,1
2817,seriously,adv,2,2
2818,servant,n,0,2
2819,serve,v,1,1
2820,service,n,1,1
2821,session,n,2,2
2822,set,v,1,1
2823,set,n,1,1
2824,setting,n,0,2
2825,settle,v,2,2
2826,settlement,n,0,2
2827,several,determiner,1,1
2828,severe,adj,3,3
2829,sew,v,3,0
2830,sex,n,1,2
2831,sexual,adj,3,2
2832,shadow,n,3,2
2833,shake,v,3,2
2834,shall,modv,1,1
2835,shame,n,2,0
2836,shape,n,2,2
2837,share,v,1,1
2838,share,n,1,1
2839,sharp,adj,3,2
2840,sharply,adv,0,3
2841,shave,v,3,0
2842,she,pron,1,1
2843,shed,n,3,0
2844,sheep,n,2,3
2845,sheet,n,1,2
2846,shelf,n,3,3
2847,shell,n,3,3
2848,shelter,n,0,3
2849,shift,v,3,3
2850,shine,v,3,0
2851,ship,n,2,2
2852,shirt,n,2,3
2853,shock,n,2,2
2854,shocked,adj,3,0
2855,shocking,adj,3,0
2856,shoe,n,1,3
2857,shoot,v,2,2
2858,shop,n,1,1
2859,shopping,n,2,3
2860,short,adj,1,1
2861,shortly,adv,3,3
2862,shot,n,2,2
2863,should,modv,1,1
2864,shoulder,n,2,2
2865,shout,v,2,2
2866,shove,v,3,0
2867,show,v,1,1
2868,show,n,1,1
2869,shower,n,2,0
2870,shrug,v,0,3
2871,shut,v,1,2
2872,sick,adj,1,3
2873,side,n,1,1
2874,sight,n,2,2
2875,sign,n,3,2
2876,sign,v,2,2
2877,signal,n,2,2
2878,signature,n,3,0
2879,significance,n,0,2
2880,significant,adj,2,1
2881,significantly,adv,3,2
2882,silence,n,0,2
2883,silent,adj,0,3
2884,silly,adj,2,0
2885,silver,n,3,0
2886,similar,adj,1,1
2887,similarly,adv,0,3
2888,simple,adj,1,1
2889,simply,adv,1,1
2890,sin,n,2,0
2891,since,prep,1,1
2892,sing,v,1,2
2893,singer,n,3,0
2894,single,adj,1,1
2895,sink,v,0,3
2896,sink,n,3,0
2897,sir,n,1,3
2898,sister,n,1,1
2899,sit,v,1,1
2900,site,n,1,2
2901,situation,n,1,1
2902,size,n,1,1
2903,skill,n,2,1
2904,skin,n,2,2
2905,skirt,n,3,0
2906,sky,n,2,2
2907,sleep,v,1,2
2908,sleep,n,2,3
2909,slice,n,3,0
2910,slide,v,3,3
2911,slide,n,3,0
2912,slight,adj,2,3
2913,slightly,adv,1,2
2914,slim,adj,3,0
2915,slip,v,3,2
2916,slip,n,3,0
2917,slope,n,0,3
2918,slow,adj,2,2
2919,slow,v,3,2
2920,slowly,adv,3,2
2921,small,adj,1,1
2922,smart,adj,2,2
2923,smell,n,2,3
2924,smell,v,2,3
2925,smile,v,3,1
2926,smile,n,2,2
2927,smoke,n,3,3
2928,smoke,v,2,2
2929,smoking,n,2,0
2930,smooth,adj,0,3
2931,snap,v,0,3
2932,snow,n,2,3
2933,so,adv,1,1
2934,so,conjunction,1,3
2935,soap,n,3,0
2936,so-called,adj,0,3
2937,social,adj,1,1
2938,society,n,1,1
2939,sock,n,3,0
2940,soft,adj,2,2
2941,software,n,3,2
2942,soil,n,0,2
2943,soldier,n,3,2
2944,sole,adj,0,3
2945,solicitor,n,3,2
2946,solid,adj,3,3
2947,solution,n,2,1
2948,solve,v,2,3
2949,some,determiner,1,1
2950,some,pron,1,1
2951,somebody,pron,1,3
2952,somehow,adv,2,2
2953,someone,pron,1,1
2954,something,pron,1,1
2955,sometimes,adv,1,1
2956,somewhat,adv,3,2
2957,somewhere,adv,1,2
2958,son,n,1,1
2959,song,n,1,2
2960,soon,adv,1,1
2961,sore,adj,3,0
2962,sorry,adj,1,2
2963,sort,n,1,1
2964,sort,v,1,3
2965,soul,n,3,3
2966,sound,n,1,1
2967,sound,v,1,2
2968,sound,adj,0,3
2969,soup,n,3,0
2970,source,n,2,1
2971,south,n,1,2
2972,southern,adj,2,2
2973,space,n,1,1
2974,spare,adj,2,0
2975,spare,v,3,0
2976,speak,v,1,1
2977,speaker,n,2,2
2978,special,adj,1,1
2979,specialist,n,3,3
2980,species,n,0,2
2981,specific,adj,1,1
2982,specifically,adv,2,3
2983,specify,v,0,3
2984,speech,n,2,2
2985,speed,n,2,1
2986,spell,v,2,0
2987,spelling,n,2,0
2988,spend,v,1,1
2989,spill,v,3,0
2990,spin,v,3,0
2991,spirit,n,2,2
2992,spiritual,adj,0,3
2993,spite,n,0,3
2994,split,v,2,3
2995,spoil,v,3,0
2996,spokesman,n,0,2
2997,spoon,n,3,0
2998,sport,n,2,2
2999,spot,n,2,2
3000,spot,v,3,0
3001,spray,v,3,0
3002,spread,v,2,2
3003,spring,n,2,2
3004,squad,n,0,3
3005,square,adj,2,3
3006,square,n,2,3
3007,squeeze,v,3,0
3008,stable,adj,0,3
3009,staff,n,2,2
3010,stage,n,1,1
3011,stair,n,2,3
3012,stake,n,0,3
3013,stall,n,3,0
3014,stamp,n,2,0
3015,stamp,v,1,1
3016,stand,v,1,1
3017,standard,n,2,2
3018,standard,adj,2,2
3019,star,n,2,2
3020,stare,v,3,2
3021,start,v,1,1
3022,start,n,1,2
3023,starve,v,3,0
3024,state,n,1,2
3025,state,v,3,2
3026,statement,n,2,1
3027,station,n,1,1
3028,statistic,n,2,3
3029,status,n,0,2
3030,stay,v,1,1
3031,stay,n,3,0
3032,steady,adj,0,3
3033,steak,n,3,0
3034,steal,v,3,3
3035,steam,n,0,3
3036,steel,n,3,3
3037,steep,adj,3,0
3038,step,n,2,1
3039,step,v,3,3
3040,stick,v,1,3
3041,stick,n,3,0
3042,stiff,adj,3,0
3043,still,adv,1,1
3044,still,adj,3,0
3045,stir,v,3,3
3046,stock,n,2,2
3047,stomach,n,3,3
3048,stone,n,2,1
3049,stop,v,1,1
3050,stop,n,2,3
3051,storage,n,0,3
3052,store,n,1,1
3053,store,v,3,3
3054,storm,n,0,3
3055,story,n,1,1
3056,straight,adv,1,2
3057,straight,adj,2,3
3058,straightforward,adj,3,0
3059,strain,n,0,3
3060,strange,adj,2,2
3061,stranger,n,2,2
3062,strategic,adj,0,3
3063,strategy,n,0,2
3064,straw,n,3,0
3065,strawberry,n,3,0
3066,stream,n,0,3
3067,street,n,1,1
3068,strength,n,2,2
3069,strengthen,v,0,3
3070,stress,n,3,3
3071,stress,v,3,3
3072,stretch,v,3,3
3073,strict,adj,3,0
3074,strike,v,3,3
3075,strike,n,3,2
3076,string,n,3,2
3077,strip,n,0,3
3078,stroke,n,3,0
3079,strong,adj,1,1
3080,strongly,adv,3,0
3081,structure,n,3,2
3082,struggle,v,0,3
3083,struggle,n,3,3
3084,student,n,1,1
3085,studio,n,3,2
3086,study,n,2,3
3087,study,v,2,2
3088,stuff,n,1,3
3089,stupid,adj,1,3
3090,style,n,2,1
3091,subject,n,2,1
3092,submit,v,3,3
3093,subsequent,adj,0,2
3094,subsequently,adv,0,3
3095,substance,n,0,3
3096,substantial,adj,3,2
3097,succeed,v,3,2
3098,success,n,1,1
3099,successful,adj,2,1
3100,such,determiner,1,1
3101,suck,v,3,0
3102,sudden,adj,2,3
3103,suddenly,adv,1,1
3104,suffer,v,1,1
3105,sufficient,adj,2,2
3106,sugar,n,2,3
3107,suggest,v,1,1
3108,suggestion,n,1,2
3109,suit,n,2,3
3110,suit,v,3,3
3111,suitable,adj,3,2
3112,sum,n,2,2
3113,summer,n,1,1
3114,sun,n,2,1
3115,super,adj,2,0
3116,supermarket,n,3,0
3117,supper,n,3,0
3118,supply,n,2,2
3119,supply,v,3,2
3120,support,v,1,2
3121,support,n,1,1
3122,supporter,n,3,2
3123,suppose,v,1,1
3124,sure,adj,1,1
3125,sure,adv,3,0
3126,surely,adv,1,2
3127,surface,n,3,1
3128,surgery,n,2,2
3129,surprise,n,3,2
3130,surprised,adj,2,2
3131,surprising,adj,3,3
3132,surprisingly,adv,0,3
3133,surround,v,0,2
3134,survey,n,2,2
3135,survival,n,0,3
3136,survive,v,2,2
3137,suspect,v,2,3
3138,suspicion,n,0,3
3139,suspicious,adj,3,0
3140,sustain,v,0,3
3141,swap,v,3,0
3142,swear,v,2,0
3143,sweep,v,0,3
3144,sweet,adj,2,3
3145,sweet,n,2,0
3146,swim,v,3,0
3147,swimming,n,2,0
3148,swing,v,0,3
3149,switch,v,2,3
3150,switch,n,3,0
3151,symbol,n,0,3
3152,sympathy,n,0,3
3153,system,n,1,1
3154,table,n,1,1
3155,tablet,n,3,0
3156,tackle,v,3,3
3157,tail,n,2,3
3158,take,v,1,1
3159,tale,n,0,3
3160,talent,n,0,3
3161,talk,v,1,1
3162,talk,n,1,1
3163,tall,adj,2,2
3164,tank,n,2,2
3165,tap,n,3,0
3166,tape,n,3,3
3167,target,n,2,2
3168,task,n,2,1
3169,taste,n,2,2
3170,taste,v,2,0
3171,tax,n,1,1
3172,taxi,n,3,0
3173,tea,n,1,2
3174,teach,v,1,2
3175,teacher,n,1,1
3176,teaching,n,2,2
3177,team,n,1,1
3178,tear,n,3,3
3179,tear,v,2,3
3180,technical,adj,2,2
3181,technique,n,3,1
3182,technology,n,2,1
3183,telephone,n,1,2
3184,television,n,1,1
3185,tell,v,1,1
3186,telly,n,2,0
3187,temperature,n,2,2
3188,temporary,adj,3,3
3189,tend,v,1,1
3190,tendency,n,3,3
3191,tennis,n,3,3
3192,tension,n,0,2
3193,tent,n,3,0
3194,term,n,1,1
3195,terrible,adj,1,3
3196,terribly,adv,2,0
3197,territory,n,0,2
3198,terror,n,0,3
3199,terrorist,n,0,3
3200,test,n,1,1
3201,test,v,3,2
3202,text,n,2,1
3203,text,v,2,0
3204,than,conjunction,1,1
3205,thank,v,1,2
3206,thanks,interjection,1,0
3207,thanks,n,0,3
3208,that,determiner,1,1
3209,that,conjunction,1,1
3210,that,adv,1,2
3211,the,determiner,1,1
3212,theatre,n,2,2
3213,their,determiner,1,1
3214,theirs,pron,3,0
3215,them,pron,1,1
3216,theme,n,2,2
3217,themselves,pron,1,1
3218,then,adv,1,1
3219,theoretical,adj,0,3
3220,theory,n,2,1
3221,there,pron,1,1
3222,there,adv,1,1
3223,therefore,adv,1,1
3224,they,pron,1,1
3225,thick,adj,2,2
3226,thin,adj,2,2
3227,thing,n,1,1
3228,think,v,1,1
3229,this,determiner,1,1
3230,though,conjunction,1,1
3231,though,adv,1,0
3232,thought,n,1,1
3233,threat,n,3,2
3234,threaten,v,3,2
3235,three,number,1,0
3236,throat,n,3,3
3237,through,prep,1,1
3238,throughout,prep,2,1
3239,throw,v,1,1
3240,thus,adv,0,1
3241,ticket,n,1,2
3242,tidy,adj,3,0
3243,tie,v,2,3
3244,tie,n,3,3
3245,tight,adj,2,3
3246,tile,n,3,0
3247,till,prep,1,0
3248,time,n,1,1
3249,tin,n,2,0
3250,tiny,adj,2,2
3251,tip,n,2,3
3252,tip,v,3,0
3253,tired,adj,1,2
3254,title,n,3,1
3255,to S1,W1,0,0
3256,to,prep,1,1
3257,toast,n,3,0
3258,today,adv,1,1
3259,toe,n,3,0
3260,together,adv,1,1
3261,toilet,n,2,0
3262,tomato,n,2,0
3263,tomorrow,adv,1,2
3264,ton,n,3,0
3265,tone,n,3,2
3266,tongue,n,3,3
3267,tonight,adv,1,2
3268,too,adv,1,1
3269,tool,n,2,2
3270,tooth,n,2,2
3271,top,n,1,2
3272,top,adj,1,1
3273,topic,n,3,2
3274,total,adj,1,1
3275,total,n,2,2
3276,totally,adv,1,2
3277,touch,v,2,2
3278,touch,n,2,2
3279,tough,adj,2,2
3280,tour,n,3,2
3281,tourist,n,0,3
3282,towards,prep,1,1
3283,towel,n,3,0
3284,tower,n,3,3
3285,town,n,1,1
3286,toy,n,3,0
3287,track,n,2,2
3288,trade,n,3,1
3289,trade,v,3,2
3290,tradition,n,2,2
3291,traditional,adj,3,1
3292,traffic,n,1,2
3293,trailer,n,3,0
3294,train,n,1,2
3295,train,v,1,2
3296,training,n,2,1
3297,transaction,n,3,3
3298,transfer,v,3,2
3299,transfer,n,0,2
3300,transform,v,0,3
3301,transition,n,0,3
3302,translate,v,3,0
3303,transport,n,2,2
3304,transportation,n,0,3
3305,trash,n,3,0
3306,travel,v,2,2
3307,travel,n,2,2
3308,tray,n,3,0
3309,treat,v,2,1
3310,treat,n,3,0
3311,treatment,n,2,1
3312,treaty,n,0,2
3313,tree,n,1,1
3314,tremendous,adj,2,0
3315,trend,n,3,2
3316,trial,n,3,2
3317,trick,n,3,0
3318,tricky,adj,3,0
3319,trip,n,2,2
3320,troop,n,0,2
3321,trouble,n,1,2
3322,trousers,n,2,0
3323,truck,n,2,3
3324,true,adj,1,1
3325,truly,adv,0,3
3326,trust,n,1,2
3327,trust,v,2,3
3328,truth,n,1,2
3329,try,v,1,1
3330,try,n,3,0
3331,tube,n,3,3
3332,tune,n,3,0
3333,tunnel,n,0,3
3334,turn,v,1,1
3335,turn,n,1,1
3336,TV,n,2,2
3337,twice,adv,2,2
3338,twist,v,3,0
3339,type,n,1,1
3340,typical,adj,2,2
3341,tyre,n,3,0
3342,ugly,adj,3,0
3343,ultimate,adj,0,3
3344,ultimately,adv,0,3
3345,unable,adj,0,2
3346,unbelievable,adj,3,0
3347,uncle,n,2,3
3348,under,prep,1,1
3349,underneath,prep,2,0
3350,understand,v,1,1
3351,understanding,n,0,3
3352,undertake,v,0,3
3353,unemployed,adj,2,3
3354,unemployment,n,2,2
3355,unfair,adj,3,0
3356,unfortunate,adj,3,0
3357,unfortunately,adv,1,3
3358,unhappy,adj,3,0
3359,uniform,n,3,0
3360,union,n,1,1
3361,unique,adj,3,2
3362,unit,n,2,2
3363,united,adj,2,3
3364,unity,n,0,3
3365,universal,adj,0,3
3366,universe,n,0,3
3367,university,n,2,1
3368,unknown,adj,0,2
3369,unless,conjunction,1,1
3370,unlike,prep,0,3
3371,unlikely,adj,3,2
3372,until,prep,1,1
3373,unusual,adj,2,3
3374,up,adv,1,1
3375,upon,prep,2,1
3376,upper,adj,0,2
3377,upset,adj,2,0
3378,upset,v,2,0
3379,upstairs,adv,2,0
3380,urban,adj,0,2
3381,urge,v,0,3
3382,urgent,adj,3,0
3383,us,pron,1,1
3384,use,v,1,1
3385,use,n,1,1
3386,used,adj,1,2
3387,used to,modv,1,2
3388,useful,adj,1,1
3389,user,n,3,1
3390,usual,adj,2,2
3391,usually,adv,1,1
3392,vacation,n,2,3
3393,vague,adj,3,0
3394,valley,n,3,3
3395,valuable,adj,0,3
3396,value,n,2,1
3397,van,n,2,3
3398,variation,n,0,2
3399,variety,n,2,1
3400,various,adj,1,1
3401,vary,v,3,2
3402,vast,adj,3,2
3403,vegetable,n,3,3
3404,vehicle,n,2,2
3405,version,n,2,2
3406,very,adv,1,1
3407,very,adj,2,1
3408,vet,n,3,0
3409,via,prep,0,2
3410,victim,n,3,2
3411,victory,n,0,2
3412,video,n,1,2
3413,view,n,1,1
3414,village,n,1,1
3415,violence,n,2,2
3416,violent,adj,3,3
3417,virtually,adv,2,2
3418,virtue,n,0,3
3419,virus,n,0,3
3420,visible,adj,0,3
3421,vision,n,3,2
3422,visit,v,2,1
3423,visit,n,3,2
3424,visitor,n,3,2
3425,visual,adj,0,3
3426,vital,adj,0,2
3427,voice,n,2,1
3428,volume,n,3,2
3429,voluntary,adj,0,3
3430,vote,v,2,2
3431,vote,n,2,2
3432,vulnerable,adj,0,3
3433,wage,n,2,2
3434,wait,v,1,1
3435,wake,v,2,3
3436,walk,v,1,1
3437,walk,n,2,2
3438,wall,n,1,1
3439,wander,v,3,0
3440,want,v,1,1
3441,war,n,2,1
3442,ward,n,0,3
3443,wardrobe,n,3,0
3444,warm,adj,2,2
3445,warn,v,3,2
3446,warning,n,3,2
3447,wash,v,1,3
3448,washing,n,2,0
3449,waste,n,2,3
3450,waste,v,2,3
3451,waste,adj,0,3
3452,watch,v,1,1
3453,watch,n,2,3
3454,water,n,1,1
3455,wave,n,3,2
3456,wave,v,3,3
3457,way,n,1,1
3458,way,adv,2,0
3459,we,pron,1,1
3460,weak,adj,3,2
3461,weakness,n,0,3
3462,wealth,n,0,3
3463,weapon,n,3,2
3464,wear,v,1,1
3465,weather,n,1,2
3466,web,n,2,2
3467,website,n,2,2
3468,wedding,n,2,3
3469,week,n,1,1
3470,weekend,n,1,2
3471,weekly,adj,0,3
3472,weigh,v,3,3
3473,weight,n,1,2
3474,weird,adj,2,0
3475,welcome,v,2,2
3476,welcome,adj,2,3
3477,welfare,n,3,2
3478,well,adv,1,1
3479,well,interjection,1,1
3480,well,adj,1,2
3481,west,n,1,2
3482,western,adj,2,2
3483,wet,adj,2,3
3484,what,pron,1,1
3485,whatever,determiner,1,1
3486,whatsoever,adv,2,0
3487,wheel,n,2,3
3488,when,adv,1,1
3489,whenever,adv,2,3
3490,where,adv,1,1
3491,whereas,conjunction,2,2
3492,wherever,adv,2,0
3493,whether,conjunction,1,1
3494,which,determiner,1,1
3495,while,conjunction,1,1
3496,while,n,1,2
3497,whisky,n,3,0
3498,whisper,v,0,3
3499,white,adj,1,1
3500,white,n,3,2
3501,who,pron,1,1
3502,whoever,pron,2,0
3503,whole,adj,1,1
3504,whole,n,2,2
3505,whom,pron,3,1
3506,whose,determiner,2,1
3507,why,adv,1,1
3508,wicked,adj,3,0
3509,wide,adj,1,1
3510,wide,adv,3,3
3511,widely,adv,0,2
3512,widespread,adj,0,3
3513,wife,n,1,1
3514,wild,adj,2,2
3515,will,modv,1,1
3516,will,n,2,2
3517,willing,adj,2,3
3518,win,v,1,1
3519,win,n,0,3
3520,wind,n,2,2
3521,wind,v,3,3
3522,window,n,1,1
3523,windy,adj,3,0
3524,wine,n,2,2
3525,wing,n,2,2
3526,winner,n,3,2
3527,winter,n,2,2
3528,wipe,v,3,0
3529,wire,n,2,3
3530,wise,adj,3,0
3531,wish,v,1,1
3532,wish,n,3,0
3533,with,prep,1,1
3534,withdraw,v,3,2
3535,within,prep,1,1
3536,without,prep,1,1
3537,witness,n,2,3
3538,woman,n,1,1
3539,wonder,v,1,2
3540,wonderful,adj,1,2
3541,wood,n,2,2
3542,wooden,adj,3,3
3543,wool,n,3,0
3544,word,n,1,1
3545,work,v,1,1
3546,work,n,1,1
3547,worker,n,2,1
3548,working,adj,2,2
3549,workshop,n,3,3
3550,world,n,1,1
3551,worried,adj,2,3
3552,worry,v,1,2
3553,worry,n,2,0
3554,worrying,adj,3,0
3555,worse,adj,2,2
3556,worse,adv,3,3
3557,worth,prep,1,2
3558,worth,n,0,3
3559,would,modv,1,1
3560,wound,v,0,3
3561,wrap,v,3,0
3562,write,v,1,1
3563,writer,n,3,2
3564,writing,n,2,3
3565,wrong,adj,1,1
3566,wrong,adv,2,0
3567,yard,n,2,2
3568,yeah,adv,1,0
3569,year,n,1,1
3570,yellow,adj,2,3
3571,yep,adv,1,0
3572,yes,adv,1,1
3573,yesterday,adv,1,1
3574,yet,adv,1,1
3575,yet,conjunction,0,2
3576,you,pron,1,1
3577,young,adj,1,1
3578,youngster,n,3,0
3579,your,determiner,1,1
3580,yours,pron,1,3
3581,yourself,pron,1,2
3582,youth,n,2,2
3583,zone,n,0,3
