a,1,1
abandon,0,3
ability,2,1
able,1,1
about,1,1
about,1,1
above,2,1
above,0,3
abroad,2,3
absence,3,2
absolute,2,3
absolutely,1,3
absorb,0,3
abuse,2,3
academic,0,2
accept,1,1
acceptable,3,3
access,2,1
accident,2,2
accommodation,2,2
accompany,0,2
according to,2,1
account,1,1
account,3,2
accurate,2,3
accuse,0,3
achieve,2,1
achievement,3,2
acid,0,3
acknowledge,3,3
acquire,0,2
across,1,1
act,1,1
act,2,1
action,1,1
active,2,2
activist,3,0
activity,2,1
actor,0,3
actual,1,2
actually,1,1
ad,3,3
adapt,0,3
add,1,1
addition,3,1
additional,3,2
address,2,2
address,2,2
adequate,3,3
adjust,0,3
administration,2,2
administrative,0,3
admire,3,0
admission,0,3
admit,2,1
adopt,3,2
adult,2,2
adult,0,3
advance,2,2
advance,0,3
advanced,0,3
advantage,2,1
advert,3,0
advertise,3,3
advertisement,3,0
advertising,0,3
advice,2,2
advise,2,2
adviser,3,3
affair,2,1
affect,2,1
afford,1,3
afraid,1,2
after,1,1
afternoon,1,2
afterwards,2,3
again,1,1
against,1,1
age,1,1
aged,0,3
agency,3,1
agent,3,2
aggressive,3,0
ago,1,1
agree,1,1
agreement,2,1
agriculture,0,2
ahead,1,2
aid,2,2
aim,2,2
aim,2,2
air,1,1
aircraft,2,2
airline,2,3
airport,3,3
alarm,2,0
album,3,3
alcohol,0,3
alive,2,3
all,1,1
all,1,1
allow,1,1
allowance,2,3
all right,1,2
almost,1,1
alone,2,1
along,1,1
along,1,1
alongside,0,3
already,1,1
also,1,1
alter,3,3
alternative,2,2
alternative,2,3
although,1,1
altogether,2,3
always,1,1
amazing,2,0
ambition,0,3
ambulance,3,0
among,2,1
amount,1,1
an,1,1
analyse,0,3
analysis,3,1
analyst,0,2
ancient,0,2
and,1,1
anger,0,3
angle,3,3
angry,3,3
animal,1,1
announce,2,1
announcement,3,3
annoy,3,0
annual,2,2
another,1,1
answer,1,1
answer,1,2
anticipate,3,0
anxiety,3,3
anxious,3,3
any,1,1
any,2,0
anybody,1,3
anyhow,3,0
anyone,1,1
anything,1,1
anyway,1,2
anywhere,1,3
apart,2,1
apartment,2,3
apologize,2,0
apology,3,0
apparent,0,2
apparently,1,2
appeal,2,1
appeal,3,3
appear,2,1
appearance,0,2
apple,2,3
application,1,1
apply,1,1
appoint,2,2
appointment,2,2
appreciate,2,3
approach,2,2
approach,2,1
appropriate,2,1
approval,2,3
approve,3,2
approximate,3,3
architect,0,3
architecture,3,3
area,1,1
argue,2,1
argument,1,1
arise,3,2
arm,1,1
armed,3,3
army,1,1
around,1,1
arrange,2,2
arrangement,2,2
arrest,0,3
arrival,0,3
arrive,2,1
art,1,1
article,2,1
artificial,3,0
artist,3,2
as,1,1
as,1,1
ashamed,3,0
aside,3,3
ask,1,1
asleep,2,0
aspect,2,1
assess,2,2
assessment,3,2
assignment,2,0
assist,3,3
assistance,3,2
assistant,3,0
associate,3,2
association,3,1
assume,2,1
assumption,2,2
assure,2,3
at,1,1
atmosphere,3,2
attach,2,2
attack,2,2
attack,3,2
attempt,2,1
attempt,2,2
attend,2,2
attention,2,1
attitude,2,1
attorney,2,3
attract,2,2
attraction,0,3
attractive,2,2
audience,2,2
aunt,3,3
author,0,2
authority,0,1
automatic,3,0
automatically,3,3
autumn,0,3
available,1,1
average,2,2
average,2,0
avoid,2,1
awake,3,0
award,3,2
award,0,3
aware,1,1
awareness,0,3
away,1,1
awful,1,0
awkward,3,0
baby,1,1
back,1,1
back,1,1
back,2,3
back,2,3
background,2,2
backwards,3,0
bacon,3,0
bad,1,1
badly,3,3
bag,1,2
bake,3,0
balance,2,2
balance,3,0
ball,1,2
ban,0,3
band,2,2
bang,3,0
bang,3,0
bank,1,1
bar,1,1
barrier,0,3
base,1,1
base,2,2
baseball,3,2
basic,2,1
basically,1,0
basis,2,1
basket,3,0
bat,3,0
bath,2,3
bathroom,2,3
battery,2,0
battle,0,2
be,1,1
be,1,1
beach,2,2
bean,2,0
bear,2,2
beard,3,0
beat,2,2
beat,3,0
beautiful,1,2
beauty,3,2
because,1,1
because,1,1
become,1,1
bed,1,1
bedroom,1,2
beef,3,0
beer,2,3
before,1,1
before,1,1
before,1,1
beforehand,3,0
begin,1,1
beginning,1,2
behalf,3,3
behave,3,3
behaviour,2,1
behind,1,1
being,2,3
belief,3,2
believe,1,1
bell,2,3
belong,2,2
below,2,2
belt,2,3
bench,2,3
bend,3,3
beneath,0,2
benefit,2,1
benefit,2,3
beside,3,2
best,1,1
best,1,2
bet,1,0
bet,3,0
better,1,1
better,1,1
between,1,1
beyond,2,1
bicycle,0,3
bid,0,3
big,1,1
bike,2,0
bill,1,1
bin,2,0
bird,2,2
birth,2,2
birthday,1,3
biscuit,2,0
bit,1,1
bit,1,1
bite,2,0
bite,3,0
bitter,3,3
black,1,1
blade,3,0
blame,2,3
blank,3,0
bless,3,0
blind,2,3
block,2,2
block,3,0
bloke,2,0
blonde,3,0
blood,2,1
blow,2,3
blow,3,3
blue,1,2
board,1,1
boat,1,2
body,1,1
boil,3,0
boiler,3,0
boiling,3,0
bomb,3,3
bone,2,2
bonus,2,0
book,1,1
book,2,0
boom,3,0
boot,2,3
border,3,2
bored,3,0
boring,2,0
born,1,2
borrow,2,3
boss,2,3
both,1,1
bother,1,3
bottle,1,2
bottom,1,3
bottom,1,3
bounce,3,0
bound,2,3
bowl,2,3
box,1,1
boy,1,1
boyfriend,3,0
brain,2,2
branch,2,2
brave,3,0
bread,2,3
break,1,1
break,2,2
breakfast,2,2
breast,3,0
breath,3,2
breathe,3,3
brick,2,3
bridge,2,2
brief,2,2
briefly,2,3
bright,2,2
brilliant,2,3
bring,1,1
broad,2,2
brother,1,1
brown,2,2
brush,3,0
brush,3,0
buck,1,0
bucket,2,0
buddy,3,0
budget,1,2
bug,3,0
build,1,1
builder,3,0
building,1,1
bump,3,0
bunch,2,0
burn,2,3
burn,3,0
burst,0,3
bury,0,3
bus,1,2
business,1,1
busy,1,2
but,1,1
but,2,3
but,2,3
butcher,3,0
butter,2,0
button,2,0
buy,1,1
buyer,3,3
by,1,1
by,1,1
bye,1,0
bye,3,0
cabinet,2,2
cable,0,3
cake,2,3
calculate,2,3
calculation,2,0
calculator,3,0
calendar,3,0
call,1,1
call,1,1
calm,3,3
camera,2,3
camp,3,3
campaign,2,1
can,1,1
can,2,0
cancel,2,0
cancer,2,2
candidate,0,2
candle,3,0
candy,3,0
cap,3,0
capable,2,2
capacity,3,2
capital,3,1
capital,2,3
captain,0,3
capture,0,3
car,1,1
card,1,2
care,1,1
care,1,2
career,2,2
careful,1,2
carefully,2,2
carpet,2,3
carrot,3,0
carry,1,1
cartoon,3,0
case,1,1
cash,2,2
cash,3,0
cast,0,3
castle,0,3
cat,1,3
catalogue,0,3
catch,1,1
category,2,2
cause,2,1
cause,1,1
CD,3,3
cease,0,3
ceiling,3,3
celebrate,0,3
celebration,3,0
cell,3,2
cellphone,2,3
cent,1,1
centimetre,3,3
central,1,1
centre,1,1
century,2,1
cereal,3,0
certain,1,1
certainly,1,1
certificate,3,3
chain,3,2
chair,1,2
chairman,3,1
challenge,2,2
challenge,3,3
champion,0,3
championship,0,3
chance,1,1
change,1,1
change,1,1
channel,3,2
chap,2,0
chapter,3,1
character,1,1
characteristic,3,2
characterize,0,3
charge,1,1
charge,1,2
charity,3,3
chart,3,3
chase,3,0
chat,2,0
cheap,1,2
cheat,3,0
check,1,2
check,1,3
cheek,0,3
cheese,2,3
chemical,3,3
chemical,0,3
chemist,3,0
chemistry,2,0
cheque,2,0
cherry,3,0
chest,2,3
chicken,2,0
chief,2,2
chief,0,3
child,1,1
childhood,0,3
chip,2,3
chocolate,2,0
choice,1,1
choose,1,1
chop,3,0
chuck,3,0
church,1,1
cigarette,2,3
cinema,3,0
circle,2,2
circuit,0,3
circumstance,2,1
citizen,2,2
city,1,1
civil,3,2
claim,1,1
claim,2,1
class,1,1
classic,0,3
classical,0,3
classroom,3,3
clean,2,2
clean,1,3
cleaner,3,0
clear,1,1
clear,1,2
clearly,1,1
clerk,3,0
clever,2,0
click,3,0
client,2,1
climate,0,3
climb,0,2
clock,2,3
close,1,1
close,1,1
close,2,2
closed,3,0
closely,3,2
closet,3,0
cloth,3,0
clothes,2,2
cloud,3,3
club,1,1
clue,2,0
coach,3,2
coal,2,2
coast,3,2
coat,2,3
code,2,2
coffee,1,2
coin,3,0
cold,1,1
collapse,3,0
collar,3,0
colleague,2,2
collect,1,2
collection,2,1
college,1,2
colour,1,1
column,3,2
combination,3,2
combine,3,2
come,1,1
comfort,0,3
comfortable,2,3
command,0,3
comment,1,2
comment,3,3
commercial,3,2
commission,3,2
commit,2,2
commitment,2,2
committee,3,1
common,1,1
communicate,3,3
communication,2,1
community,1,1
company,1,1
compare,1,1
comparison,3,2
compete,3,3
competition,2,1
competitive,3,3
complain,2,3
complaint,3,3
complete,2,1
complete,2,1
completely,1,2
complex,3,2
complicated,2,0
component,0,2
comprehensive,0,3
comprise,0,3
computer,1,1
concentrate,2,2
concentration,3,2
concept,3,2
concern,1,1
concern,0,3
concerned,1,1
concerning,0,3
concert,3,3
conclude,3,2
conclusion,3,2
condition,2,1
conduct,0,2
conduct,0,3
conference,2,1
confidence,2,2
confident,3,3
confine,0,3
confirm,2,2
conflict,3,2
confused,3,0
confusing,3,0
confusion,3,3
congratulation,3,0
connect,2,2
connection,3,2
conscious,2,3
consciousness,0,3
consent,0,3
consequence,3,2
consider,1,1
considerable,3,1
considerably,3,0
consideration,2,2
consist,0,3
consistent,3,3
constant,3,3
constantly,3,3
constitute,0,3
construct,0,3
construction,3,2
consult,3,3
consumer,3,2
consumption,0,3
contact,2,2
contact,2,2
contain,2,1
contemporary,0,2
content,3,2
contest,0,3
context,2,2
continue,1,1
continuous,3,3
contract,1,1
contrast,0,2
contribute,3,2
contribution,2,2
control,1,1
control,2,1
convenient,3,0
convention,0,2
conventional,0,3
conversation,1,2
convert,0,3
conviction,0,3
convince,3,3
cook,1,3
cooker,3,0
cookie,3,3
cool,2,3
cool,2,0
cooperation,3,3
cope,2,3
copy,1,2
copy,2,0
core,0,3
corn,3,0
corner,1,2
correct,1,2
correct,3,0
corridor,2,3
cost,1,1
cost,1,2
cottage,3,3
cotton,0,3
could,1,1
council,2,2
count,2,3
counter,3,0
country,1,1
countryside,3,3
county,0,2
couple,1,1
courage,3,0
course,1,1
court,1,1
cousin,2,0
cover,1,1
cover,1,2
cow,2,0
crack,3,0
craft,0,3
crash,3,0
crazy,2,0
create,2,1
creation,0,2
creative,0,3
creature,0,3
credit,2,2
credit card,3,3
crew,3,3
crime,2,2
criminal,3,2
crisis,3,2
criterion,0,2
critic,0,3
critical,3,2
criticism,3,2
criticize,0,3
crop,0,3
cross,2,2
cross,3,3
cross,2,0
crowd,3,2
crown,0,3
crucial,0,2
cruel,3,0
cry,2,2
cry,0,3
cultural,0,2
culture,2,1
cup,1,1
cupboard,2,0
curious,3,0
currency,0,2
current,2,2
current,0,3
currently,2,2
curtain,3,3
curve,3,3
cushion,3,0
custom,0,3
customer,1,1
cut,1,1
cut,2,2
cute,2,0
cycle,3,3
dad,1,3
daddy,1,0
daft,3,0
daily,3,2
damage,3,2
damage,3,3
dance,2,3
dance,2,3
danger,2,2
dangerous,2,2
dare,3,3
dark,2,1
darkness,0,3
darling,2,0
data,1,1
database,3,3
date,1,1
date,3,3
daughter,1,1
day,1,1
dead,1,1
dead,3,0
deaf,0,3
deal,1,1
deal,1,1
dealer,0,3
dear,1,0
dear,2,0
dear,2,2
death,1,1
debate,2,2
debt,3,2
decade,0,2
decent,3,0
decide,1,1
decision,1,1
declare,0,2
decline,0,2
decline,0,3
deep,2,1
deep,0,3
deeply,0,3
defeat,0,3
defeat,0,3
defence,2,1
defend,3,3
define,2,2
definite,3,0
definitely,1,0
definition,2,2
degree,2,1
delay,0,3
delay,0,3
deliberately,3,0
deliver,2,2
delivery,3,3
demand,2,1
demand,0,2
democracy,0,2
democratic,0,2
demonstrate,3,2
demonstration,0,3
dentist,3,0
deny,3,2
department,2,1
departure,0,3
depend,1,2
dependent,0,3
deposit,3,3
depression,0,3
depth,3,3
derive,0,3
describe,2,1
description,2,2
desert,0,3
deserve,3,3
design,2,1
design,3,1
designer,0,3
desire,0,2
desk,2,2
desperate,3,3
despite,3,1
destroy,2,2
destruction,0,3
detail,2,1
detailed,0,2
detect,0,3
determination,0,3
determine,0,2
determined,0,3
develop,2,1
development,1,1
device,3,2
devil,3,0
diagram,3,0
diamond,3,0
diary,3,0
die,1,1
diet,3,2
differ,0,3
difference,1,1
different,1,1
difficult,1,1
difficulty,2,1
dig,2,0
dimension,0,3
dinner,1,2
direct,2,1
direct,3,2
direction,1,1
directly,2,2
director,2,1
directory,3,0
dirt,3,0
dirty,2,3
disabled,3,3
disagree,3,0
disappear,2,2
disappoint,0,3
disappointed,3,3
disaster,3,3
disc,2,3
discipline,3,3
discount,3,0
discover,2,1
discovery,0,3
discuss,2,1
discussion,2,1
disease,3,1
disgusting,2,0
dish,2,3
disk,2,3
dismiss,0,3
display,3,2
display,0,2
dispute,0,2
distance,2,2
distant,0,3
distinct,0,3
distinction,0,3
distinguish,3,3
distribute,0,2
distribution,0,2
district,3,2
disturb,0,3
divide,2,2
division,3,1
divorce,3,0
do,1,1
do,1,1
doctor,1,1
document,2,2
dog,1,1
dollar,1,2
domestic,0,2
dominant,0,3
dominate,0,3
door,1,1
dot,2,0
double,1,2
double,3,0
doubt,1,1
doubt,2,0
down,1,1
downstairs,2,0
downtown,3,3
dozen,2,3
draft,2,3
drag,3,3
drama,0,3
dramatic,0,3
draw,1,1
draw,3,0
drawer,3,0
drawing,3,3
dream,2,2
dream,3,3
dress,2,2
dress,2,2
drink,1,2
drink,1,2
drive,1,1
drive,2,2
driver,1,2
drop,1,2
drop,2,3
drug,2,1
drunk,3,0
dry,2,2
dry,2,3
duck,3,0
dude,3,0
due,1,1
dull,3,0
dumb,3,0
dump,3,0
during,1,1
dust,3,3
duty,2,1
DVD,3,3
each,1,1
each other,1,1
ear,2,2
early,1,1
early,1,1
earn,2,2
earth,2,2
ease,0,3
easily,2,1
east,1,2
eastern,2,2
easy,1,1
easy,2,0
eat,1,1
economic,2,1
economics,0,3
economy,2,1
edge,2,2
edition,0,3
editor,0,2
education,1,1
educational,3,2
effect,1,1
effective,2,1
effectively,3,2
efficiency,0,3
efficient,3,3
effort,1,1
egg,1,2
either,1,1
either,1,1
elderly,3,2
elect,3,3
election,2,1
electric,2,3
electrical,3,0
electricity,2,3
electronic,3,3
element,2,1
elevator,3,3
else,1,1
elsewhere,3,2
email,2,2
email,2,2
embarrassed,3,0
emerge,0,2
emergency,3,3
emotion,0,3
emotional,3,3
emphasis,3,2
emphasize,3,2
empire,0,3
employ,3,2
employee,2,2
employer,2,2
employment,2,1
empty,2,2
enable,3,1
encounter,0,3
encourage,2,1
encouraging,3,0
end,1,1
end,1,1
enemy,0,2
energy,2,1
engage,0,3
engine,2,2
engineer,3,3
engineering,3,3
enhance,0,3
enjoy,1,1
enjoyable,3,0
enormous,2,3
enough,1,1
enough,1,2
enquiry,2,2
ensure,2,1
enter,2,1
enterprise,0,2
entertainment,3,3
enthusiasm,0,3
enthusiastic,3,0
entire,3,2
entirely,2,2
entitle,3,3
entrance,3,3
entry,3,2
envelope,3,0
environment,1,1
environmental,2,2
equal,1,2
equal,2,0
equally,3,2
equipment,2,2
equivalent,0,3
era,0,3
error,3,2
escape,3,2
escape,3,0
especially,1,1
essay,3,0
essential,3,2
essentially,2,3
establish,2,1
establishment,0,2
estate,2,2
estimate,3,2
estimate,3,2
ethnic,0,3
even,1,1
evening,1,1
event,1,1
eventually,1,2
ever,1,1
every,1,1
everybody,1,3
everyone,1,1
everything,1,1
everywhere,2,3
evidence,2,1
evil,3,3
exact,3,0
exactly,1,2
exam,1,0
examination,0,2
examine,3,2
example,1,1
excellent,1,2
except,2,2
exception,3,2
exchange,2,1
excitement,3,3
exciting,2,3
exclude,0,3
excuse,1,0
excuse,3,0
executive,3,2
executive,0,3
exercise,2,2
exercise,3,2
exhibition,0,2
exist,2,1
existence,3,2
existing,2,2
exit,3,0
expand,3,3
expansion,0,3
expect,1,1
expectation,3,2
expenditure,0,2
expense,3,2
expensive,1,2
experience,1,1
experience,2,2
experienced,3,0
experiment,3,2
experimental,0,3
expert,3,2
expert,0,3
explain,1,1
explanation,3,2
explore,3,2
explosion,0,3
export,0,2
expose,0,3
express,2,1
expression,2,2
extend,3,2
extension,3,3
extensive,0,3
extent,2,1
external,0,2
extra,1,2
extraordinary,3,3
extreme,3,3
extremely,2,2
eye,1,1
face,1,1
face,1,1
facility,2,1
fact,1,1
factor,3,1
factory,2,2
fail,2,1
failure,3,2
fair,1,2
fair,2,3
fairly,1,2
faith,3,2
fall,1,1
fall,2,2
false,0,3
familiar,3,2
family,1,1
famous,2,2
fan,3,2
fancy,2,0
fancy,3,0
fantastic,3,0
far,1,1
far,1,1
farm,2,2
farmer,2,2
fascinating,3,0
fashion,3,2
fast,2,3
fast,2,2
fat,2,3
father,1,1
fault,2,3
favour,2,3
favour,0,3
favourite,3,3
fear,3,1
fear,0,2
feature,2,1
feature,0,3
federal,0,1
fee,3,3
feed,1,2
feedback,3,0
feel,1,1
feeling,1,1
fellow,0,3
female,3,2
female,0,3
fence,3,0
festival,3,3
fetch,3,0
few,1,1
field,1,1
fight,1,1
fight,2,3
figure,1,1
figure,1,3
file,1,2
file,3,3
fill,1,1
film,1,1
filthy,3,0
final,1,1
finally,2,1
finance,3,2
finance,0,3
financial,2,1
find,1,1
finding,0,2
fine,1,1
fine,3,0
finger,2,2
finish,1,2
finish,3,0
fire,1,1
fire,3,3
firm,1,1
firm,3,2
first,1,1
first,1,2
firstly,3,0
fish,1,1
fish,3,0
fishing,3,0
fit,1,2
fit,2,3
fix,2,2
fixed,3,3
flash,3,0
flat,2,2
flat,2,3
flesh,0,3
flight,3,2
flood,0,3
floor,1,1
flow,3,2
flow,0,3
flower,2,2
fly,2,2
focus,3,2
focus,3,2
fold,0,3
folk,2,3
follow,1,1
following,3,1
food,1,1
foot,1,1
football,1,2
for,1,1
force,2,1
force,2,1
foreign,3,1
forest,2,2
forever,2,3
forget,1,1
forgive,3,0
fork,3,0
form,1,1
form,2,1
formal,2,2
formally,3,0
formation,0,3
former,2,1
formula,3,3
forth,2,0
fortnight,3,0
fortunate,3,0
fortune,3,3
forward,1,1
forward,2,3
foundation,0,2
frame,3,3
frankly,3,0
free,1,1
free,3,3
freedom,3,2
freeway,2,3
freeze,3,3
freezer,3,0
frequent,0,3
frequently,3,2
fresh,2,2
fridge,2,0
friend,1,1
friendly,2,3
friendship,0,3
frightened,3,0
from,1,1
front,1,1
front,1,2
fruit,2,3
fry,3,0
fuel,3,2
fulfil,0,3
full,1,1
fully,2,2
fun,2,3
fun,2,3
function,3,1
fund,3,1
fund,3,3
fundamental,0,2
funeral,3,0
funny,1,3
furniture,2,3
further,1,1
fuss,3,0
future,1,1
future,1,1
gain,3,2
gain,0,3
gallery,0,3
game,1,1
gang,3,0
gap,2,2
garage,2,0
garbage,3,0
garden,1,1
garlic,3,0
gas,1,2
gasoline,3,3
gate,2,2
gather,3,2
gay,3,3
gear,3,0
gene,3,3
general,1,1
generally,2,1
generate,3,2
generation,3,2
generous,0,3
gentle,3,3
gentleman,2,2
gently,0,3
genuine,3,3
get,1,1
giant,0,3
gift,2,2
girl,1,1
girlfriend,3,0
give,1,1
glad,2,3
glance,0,3
glass,1,1
global,0,2
glove,3,0
go,1,1
go,1,0
goal,2,1
god,1,1
gold,2,2
gold,3,3
golden,0,3
golf,2,3
good,1,1
goodbye,3,0
good morning,2,0
goodness,2,0
good night,0,0
goods,2,2
gorgeous,3,0
gosh,2,0
govern,0,3
government,2,1
governor,0,3
grab,2,3
grade,2,3
gradually,3,3
gram,3,0
grammar,3,3
grand,2,3
grandad,3,0
grandfather,3,0
grandma,2,0
grandmother,3,0
grandpa,3,0
granny,3,0
grant,2,2
grant,2,2
graph,3,0
grass,2,2
grateful,3,3
great,1,1
greatly,0,3
green,1,2
green,2,3
grey,2,2
grocery,3,0
gross,3,0
ground,1,1
group,1,1
grow,1,1
growth,3,1
guarantee,2,3
guarantee,3,0
guard,3,3
guess,1,3
guess,3,0
guest,3,2
guidance,3,3
guide,3,2
guide,0,3
guilty,2,3
guitar,3,3
gun,2,2
guy,1,3
habit,3,3
hair,1,1
half,1,1
half,1,2
half,2,0
halfway,3,0
hall,2,2
hand,1,1
hand,2,2
handbag,3,0
handle,2,2
handle,3,0
handy,3,0
hang,1,2
happen,1,1
happy,1,1
hard,1,1
hard,1,2
hardly,2,2
harm,3,3
hat,1,3
hate,1,3
have,1,1
have,1,1
have,1,3
he,1,1
head,1,1
head,2,2
headquarters,0,3
health,1,1
healthy,3,3
hear,1,1
hearing,3,2
heart,1,1
heat,2,2
heat,3,0
heater,3,0
heating,3,0
heaven,3,3
heavily,0,3
heavy,1,1
height,2,3
hell,1,3
hello,1,0
help,1,1
help,1,1
helpful,2,3
hence,0,3
her,1,1
her,1,1
here,1,1
hero,0,3
hers,3,3
herself,2,1
hesitate,0,3
hi,1,0
hide,2,2
high,1,1
high,3,0
highlight,0,3
highly,2,2
highway,3,0
hill,2,2
him,1,1
himself,1,1
hire,2,3
his,1,1
historian,0,3
historical,0,2
history,2,1
hit,1,2
hit,3,3
hold,1,1
hold,2,3
holder,0,2
holding,0,3
hole,1,2
holiday,1,2
holy,0,3
home,1,1
home,1,1
homework,2,0
honest,1,3
honestly,2,0
honey,2,0
honour,0,3
hook,3,0
hook,3,0
hope,1,1
hope,2,2
hopefully,1,0
hopeless,3,0
horrible,2,0
horror,0,3
horse,1,1
hospital,1,1
host,0,3
hot,1,2
hotel,2,1
hour,1,1
house,1,1
household,3,2
housing,0,2
how,1,1
however,1,1
huge,1,2
human,2,1
human,0,3
hungry,2,0
hunt,0,3
hurry,3,0
hurry,3,0
hurt,1,2
husband,1,1
I,1,1
ice,2,3
ice cream,2,0
idea,1,1
ideal,3,3
ideally,3,0
identify,2,1
identity,0,2
idiot,3,0
if,1,1
ignore,2,2
ill,3,2
illegal,0,3
illness,3,3
illustrate,0,2
image,2,1
imagination,3,3
imagine,1,2
immediate,3,2
immediately,2,1
impact,3,2
implement,0,3
implication,3,2
imply,0,2
import,0,3
importance,3,1
important,1,1
impose,3,2
impossible,2,2
impress,3,3
impression,2,2
impressive,0,3
improve,2,1
improvement,3,2
in,1,1
in,1,1
inch,2,3
incident,3,2
include,1,1
including,2,1
income,2,1
incorporate,0,3
increase,2,1
increase,2,1
increasingly,0,2
incredible,3,0
incredibly,3,0
indeed,1,1
independence,0,2
independent,2,2
index,0,2
indicate,3,1
indication,3,3
individual,2,1
individual,2,1
industrial,3,1
industry,2,1
inevitable,0,3
inevitably,0,3
infant,0,3
infection,0,3
inflation,3,2
influence,3,1
influence,3,2
inform,3,3
informal,0,3
information,1,1
initial,3,2
initially,3,3
initiative,3,2
injure,0,3
injury,3,2
inner,3,2
innocent,0,3
innovation,0,3
input,0,3
inquiry,0,2
insect,0,3
inside,2,2
inside,3,0
insist,3,2
inspection,0,3
inspector,3,3
install,0,3
instance,3,2
instant,3,0
instead,1,1
institute,0,3
institution,0,1
instruction,3,2
instrument,0,2
insurance,2,2
intellectual,0,3
intelligence,3,3
intelligent,3,0
intend,2,1
intense,0,3
intention,3,2
interaction,0,3
interest,2,1
interested,1,2
interesting,1,2
internal,0,2
international,2,1
Internet,2,2
interpret,0,3
interpretation,0,2
interval,0,3
intervention,0,3
interview,2,2
interview,2,0
into,1,1
introduce,2,1
introduction,3,2
invest,3,3
investigate,0,2
investigation,0,2
investment,2,1
invite,2,2
involve,2,1
involved,2,3
involvement,0,3
iron,2,3
iron,3,0
island,3,2
issue,1,1
issue,3,2
it,1,1
item,3,2
its,1,1
itself,1,1
jacket,2,3
jam,3,0
job,1,1
join,1,1
joint,2,2
joke,2,3
joke,3,0
journalist,0,3
journey,3,2
joy,0,3
judge,2,2
judge,3,3
judgment,0,2
juice,2,0
jump,2,3
jump,3,0
jumper,3,0
junior,0,3
jury,3,3
just,1,1
justice,0,2
justify,3,3
keen,3,3
keep,1,1
kettle,3,0
key,3,2
key,2,2
keyboard,3,0
kick,2,3
kick,3,0
kid,1,2
kid,2,0
kill,1,1
kilometre,3,3
kind,1,1
kind,3,3
king,0,1
kiss,3,3
kit,3,0
kitchen,1,2
knee,2,2
knife,3,3
knock,1,3
know,1,1
knowledge,2,1
known,0,3
lab,3,0
label,3,3
laboratory,0,3
labour,2,1
lack,3,2
lack,0,3
lad,2,3
ladder,3,0
lady,1,2
lake,3,3
lamb,3,0
lamp,3,0
land,1,1
land,2,3
landlord,0,3
landscape,0,3
lane,3,3
language,1,1
large,1,1
largely,3,2
last,1,1
last,1,1
last,1,1
last,1,2
late,1,1
late,2,3
later,1,1
latter,0,2
laugh,2,2
laugh,3,0
launch,0,2
law,1,1
lawyer,3,2
lay,1,2
layer,3,3
lead,1,1
lead,2,2
leader,2,1
leadership,3,2
leading,0,2
leaf,2,2
league,0,2
lean,3,0
learn,1,1
least,1,1
leather,0,3
leave,1,1
leave,3,2
lecture,2,3
left,1,1
left,3,3
left,3,3
leg,1,1
legal,2,1
legislation,0,2
leisure,0,3
lend,3,3
length,2,2
less,1,1
less,1,1
lesson,2,3
let,1,1
letter,1,1
level,1,1
level,1,2
liberal,0,2
library,2,1
licence,3,2
lick,3,0
lid,3,0
lie,2,1
lie,3,3
lie,3,0
life,1,1
lift,2,2
lift,3,3
light,1,1
light,1,1
light,2,3
lighting,3,0
like,1,1
like,1,1
like,0,3
like,1,0
like,1,0
likely,1,1
limit,2,2
limit,3,2
limitation,0,3
limited,0,2
line,1,1
link,3,2
link,3,2
lip,3,2
liquid,0,3
list,1,1
list,2,3
listen,1,1
literally,2,0
literary,0,2
literature,3,2
little,1,1
little,1,1
little,1,1
live,1,1
live,3,3
lively,3,0
living,2,0
load,1,3
loan,2,2
local,1,1
locate,0,3
location,3,2
lock,2,3
lock,2,0
log,3,0
logical,3,0
lonely,3,0
long,1,1
long,1,1
long-term,0,3
look,1,1
look,1,1
loose,3,3
lord,3,2
lorry,3,0
lose,1,1
loss,2,1
lost,2,3
lot,1,1
lot,2,0
loud,2,3
loud,3,0
lounge,3,0
love,1,1
love,1,1
lovely,1,3
lover,0,3
low,1,1
lower,0,3
lower,3,3
luck,2,3
luckily,3,0
lucky,2,3
lump,2,0
lunch,1,2
lunchtime,3,0
machine,1,1
machinery,0,3
mad,2,3
madam,3,0
magazine,2,2
magic,0,3
mail,3,3
mail,3,0
main,1,1
mainly,2,2
maintain,2,1
maintenance,0,3
major,1,1
majority,2,1
make,1,1
male,3,2
male,0,3
mall,3,3
man,1,1
manage,1,1
management,1,1
manager,1,1
manner,3,2
manufacturer,0,2
manufacturing,0,3
many,1,1
map,2,2
march,0,2
march,0,3
margin,0,3
mark,3,2
mark,2,2
market,1,1
marketing,3,3
marriage,2,2
married,2,2
marry,1,2
marvellous,2,0
mass,0,2
mass,0,3
massive,2,3
master,2,2
match,2,2
match,3,2
mate,2,0
material,1,1
material,0,3
math,2,0
maths,2,0
matter,1,1
matter,1,3
maximum,3,3
may,1,1
maybe,1,1
me,1,1
meal,2,2
mean,1,1
meaning,2,1
means,2,2
meanwhile,0,2
measure,2,2
measure,0,2
measurement,0,3
meat,2,3
mechanism,3,3
media,2,2
medical,2,2
medicine,2,3
medieval,0,3
medium,3,0
meet,1,1
meeting,1,1
member,1,1
membership,2,2
memory,2,1
mental,2,2
mention,1,1
menu,3,0
mere,0,3
merely,3,2
mess,2,0
mess,2,0
message,1,2
messy,3,0
metal,2,2
method,1,1
metre,2,3
middle,1,2
middle,1,2
midnight,3,0
might,1,1
mile,1,1
military,2,1
milk,2,3
millimetre,3,0
mind,1,1
mind,1,2
mine,1,0
mine,2,3
mineral,0,3
minimum,2,3
minister,1,1
ministry,0,2
minor,2,2
minority,3,2
minute,1,1
mirror,3,3
misery,3,0
miss,1,2
miss,2,0
mission,3,2
mistake,2,2
mix,2,3
mixed,2,0
mixture,3,3
mobile,2,0
mobile phone,2,3
mode,0,3
model,2,1
modern,1,1
mom,1,0
moment,1,1
mommy,3,0
money,1,1
monitor,3,3
month,1,1
mood,3,3
moon,0,3
moral,3,2
more,1,1
more,1,1
moreover,0,2
morning,1,1
mortgage,0,3
most,1,1
most,1,1
mostly,2,3
mother,1,1
motion,0,3
motor,3,3
motorway,2,0
mountain,3,3
mouse,2,3
mouth,2,1
move,1,1
move,2,1
movement,1,1
movie,2,2
much,1,1
much,1,1
mud,3,0
mum,1,2
mummy,1,0
murder,3,2
muscle,2,3
museum,3,2
mushroom,3,0
music,1,1
musical,3,3
must,1,1
my,1,1
myself,1,1
mystery,0,3
nail,3,0
naked,3,0
name,1,1
name,2,2
narrow,3,2
nasty,2,0
nation,3,2
national,1,1
native,3,3
natural,2,1
naturally,3,3
nature,1,1
naughty,3,0
near,1,1
near,2,3
nearby,0,3
nearly,1,1
neat,2,0
necessarily,2,2
necessary,2,1
neck,2,2
need,1,1
need,1,1
negative,2,2
negotiate,3,3
negotiation,3,2
neighbour,2,2
neighbourhood,3,3
neither,0,3
neither,2,3
nerve,3,3
nervous,3,3
net,0,3
net,0,3
network,3,2
never,1,1
nevertheless,3,2
new,1,1
newly,0,3
news,1,1
newspaper,2,2
next,1,1
next,1,1
nice,1,2
nicely,3,0
night,1,1
nil,3,0
no,1,1
no,1,1
nobody,1,2
nod,0,2
noise,2,2
noisy,3,0
none,1,2
nonsense,3,0
no one,1,2
nope,3,0
nor,2,1
normal,1,1
normally,1,2
north,1,2
northern,2,2
nose,2,2
not,1,1
notably,0,3
note,1,1
note,3,1
nothing,1,1
notice,1,2
notice,2,2
notion,0,3
novel,0,3
now,1,1
now,1,3
nowadays,2,0
no way,2,0
nowhere,2,0
nuclear,0,2
nuisance,3,0
number,1,1
numerous,0,3
nurse,2,3
nut,3,0
object,3,2
object,2,0
objection,3,0
objective,3,3
objective,3,0
obligation,0,3
observation,0,3
observe,0,2
obtain,3,2
obvious,2,2
obviously,1,2
occasion,1,2
occasional,3,3
occasionally,2,3
occupation,3,3
occupy,0,2
occur,1,1
ocean,3,2
o'clock,1,3
odd,1,3
odds,3,0
of,1,1
of course,1,1
off,1,1
offence,3,2
offer,1,1
offer,2,1
office,1,1
officer,1,1
official,3,1
official,3,2
often,1,1
oil,2,1
OK,1,0
OK,1,0
old,1,1
on,1,1
on,1,1
once,1,1
once,1,1
one,1,1
one,1,1
one,1,1
one another,3,3
onion,3,0
only,1,1
only,1,1
onto,1,2
open,1,1
open,1,1
opening,3,0
operate,3,2
operation,1,1
operator,0,3
opinion,1,2
opponent,0,3
opportunity,1,1
oppose,3,3
opposite,2,2
opposition,3,2
option,1,2
or,1,1
orange,3,0
order,1,1
order,2,2
ordinary,1,2
organ,0,3
organic,0,3
organization,2,1
organize,1,2
organized,3,0
origin,0,2
original,1,1
originally,2,2
other,1,1
otherwise,1,2
ought to,1,1
ounce,3,0
our,1,1
ours,1,0
ourselves,1,3
out,1,1
out,1,1
outcome,0,3
output,0,2
outside,1,1
outside,2,2
outside,3,0
outstanding,0,3
oven,3,0
over,1,1
over,1,1
overall,3,2
overcome,0,3
overseas,0,3
owe,2,3
own,1,1
own,2,2
owner,2,2
ownership,0,3
pace,0,3
pack,2,3
pack,2,3
package,2,2
packet,2,0
pad,3,0
page,1,1
pain,2,2
paint,2,2
paint,2,3
painting,3,2
pair,2,2
palace,0,3
pale,0,3
pan,3,3
panel,1,2
panic,3,0
pants,3,0
paper,1,1
parcel,3,0
pardon,2,0
parent,1,1
park,1,2
park,2,0
parking,3,0
parliament,0,2
part,1,1
participate,0,3
particular,1,1
particularly,1,1
partly,2,2
partner,2,2
partnership,0,3
party,1,1
pass,1,1
pass,2,3
passage,0,2
passenger,3,2
passion,0,3
past,1,1
past,1,2
past,1,2
path,2,2
patience,3,0
patient,2,1
patient,0,3
pattern,2,1
pause,0,3
pay,1,1
pay,1,2
payment,2,1
peace,2,2
peaceful,3,0
peak,0,3
pen,2,0
penalty,0,3
pencil,2,0
penny,1,0
pension,2,2
people,1,1
pepper,3,0
per,3,1
perceive,0,3
percent,3,2
percentage,0,3
perception,0,3
perfect,2,2
perfectly,2,3
perform,3,2
performance,2,1
perhaps,1,1
period,1,1
permanent,2,2
permission,2,3
permit,0,3
person,1,1
personal,1,1
personality,3,3
personally,2,0
personnel,0,3
perspective,0,3
persuade,3,2
petrol,3,0
phase,0,2
phenomenon,0,3
philosophy,0,3
phone,1,2
phone,1,0
photo,3,3
photocopy,3,3
photocopy,3,3
photograph,2,2
phrase,3,3
physical,2,1
physically,3,0
physics,3,0
piano,3,0
pick,1,1
picture,1,1
pie,2,0
piece,1,1
pig,2,0
pile,2,0
pill,3,0
pilot,0,3
pin,3,0
pink,2,3
pint,2,0
pipe,2,3
pitch,3,3
pity,3,0
pizza,2,0
place,1,1
place,2,1
plain,2,3
plan,1,1
plan,1,1
plane,2,2
planet,0,3
plant,2,1
plastic,2,2
plate,2,2
platform,3,3
play,1,1
play,1,2
player,2,1
pleasant,3,3
please,1,2
please,0,3
pleased,2,3
pleasure,2,2
plenty,1,1
plot,0,3
plug,3,0
plus,1,2
pocket,2,2
poem,3,3
poet,0,3
poetry,0,3
point,1,1
point,2,2
pole,0,3
police,1,1
policeman,2,3
policy,3,1
polite,3,0
political,2,1
politician,0,2
politics,2,2
poll,0,3
pollution,0,2
pond,3,0
pool,2,2
poor,1,1
pop,2,0
pop,3,3
popular,2,1
population,2,1
port,0,2
pose,0,3
position,1,1
positive,2,2
possess,0,3
possession,0,3
possibility,2,2
possible,1,1
possibly,1,2
post,2,2
post,3,0
poster,3,0
pot,2,3
potato,2,0
potential,3,2
potential,0,3
pound,1,2
pour,2,3
poverty,0,3
power,1,1
powerful,3,2
practical,3,2
practice,2,1
practise,3,3
praise,0,3
pray,3,3
prayer,3,3
precise,0,3
precisely,2,3
predict,0,3
prefer,2,2
preference,0,3
pregnant,3,0
premise,0,3
preparation,3,3
prepare,1,1
prepared,2,0
presence,3,2
present,2,2
present,2,1
present,2,3
presentation,2,3
preserve,0,3
president,2,2
press,2,2
press,1,2
pressure,1,1
presumably,1,3
presume,3,0
pretend,2,3
pretty,1,3
pretty,2,3
prevent,2,1
previous,1,1
previously,3,2
price,1,1
pride,3,3
priest,0,3
primarily,0,3
primary,2,2
prince,0,3
princess,0,3
principal,0,2
principle,2,1
print,2,3
print,0,3
printer,3,3
prior,0,3
priority,2,2
prison,2,2
prisoner,3,2
private,1,1
privilege,0,3
prize,2,2
probably,1,1
problem,1,1
procedure,2,2
proceed,3,3
proceeding,0,2
process,1,1
produce,1,1
producer,0,3
product,1,1
production,1,1
profession,0,3
professional,2,1
professional,0,3
professor,3,3
profile,0,3
profit,1,1
program,0,1
programme,1,1
progress,2,2
project,1,1
promise,2,2
promise,3,2
promote,3,2
promotion,3,3
prompt,0,3
proof,3,3
proper,1,2
properly,1,2
property,2,1
proportion,2,2
proposal,2,1
propose,2,2
proposed,0,3
prosecution,0,3
prospect,0,2
protect,2,2
protection,2,2
protest,0,3
proud,2,3
prove,2,1
provide,1,1
provided,3,2
providing,2,0
provision,3,1
psychological,0,3
psychology,0,3
pub,2,3
public,1,1
public,2,2
publication,0,2
publicity,3,3
publish,3,1
publisher,0,3
pudding,3,0
pull,1,1
punch,3,0
punishment,0,3
pupil,2,1
purchase,0,3
purchase,0,3
pure,3,3
purely,3,3
purpose,2,2
purse,3,0
pursue,3,2
push,1,2
put,1,1
qualification,0,3
qualify,3,3
quality,1,1
quantity,3,2
quarter,1,2
queen,2,2
question,1,1
question,2,3
queue,3,0
quick,1,2
quick,3,0
quickly,1,1
quid,2,0
quiet,2,2
quietly,3,3
quit,3,0
quite,1,1
quote,2,3
quote,2,0
race,2,2
racing,3,0
radical,0,3
radio,1,2
rail,2,2
railway,2,2
rain,2,2
rain,3,0
raise,1,1
range,1,1
range,0,3
rank,0,3
rapid,0,3
rapidly,0,3
rare,3,2
rarely,0,2
rate,1,1
rather,1,1
ratio,0,3
raw,0,3
reach,1,1
react,3,3
reaction,2,2
read,1,1
reader,3,2
readily,0,3
reading,0,2
ready,1,2
real,1,1
realistic,3,0
reality,2,2
realize,1,1
really,1,1
reason,1,1
reasonable,1,2
reasonably,2,3
recall,3,2
receipt,2,0
receive,1,1
recent,2,1
recently,1,1
reception,0,3
recipe,3,0
reckon,1,3
recognition,3,2
recognize,1,1
recommend,2,2
recommendation,3,3
record,1,1
record,3,2
recording,0,3
recover,0,2
recovery,0,3
red,1,1
reduce,1,1
reduction,3,2
refer,1,1
reference,2,1
reflect,2,1
reflection,0,3
reform,0,2
refrigerator,3,0
refuse,2,1
regard,3,0
regard,2,1
regime,0,2
region,1,1
regional,1,2
register,3,3
register,3,3
registration,3,0
regret,0,3
regular,2,2
regularly,3,3
regulation,2,2
reinforce,0,3
reject,3,2
relate,2,1
related,2,3
relation,2,1
relationship,1,1
relative,3,3
relative,0,2
relatively,2,2
relax,3,3
release,2,2
release,3,2
relevant,2,2
relief,2,2
relieve,3,0
religion,2,2
religious,2,2
rely,3,2
remain,1,1
remaining,0,2
remains,0,3
remark,0,3
remarkable,0,3
remember,1,1
remind,1,2
remote,0,3
remove,2,1
rent,2,3
rent,2,3
repair,3,0
repair,0,3
repeat,2,2
replace,2,1
replacement,0,3
reply,0,2
reply,3,3
report,2,1
report,2,1
reporter,3,0
represent,2,1
representation,3,2
representative,3,2
republic,0,2
reputation,0,3
request,3,2
require,1,1
requirement,2,2
rescue,3,3
research,2,1
reserve,0,3
reserve,3,0
resident,3,3
residential,0,3
resign,0,3
resignation,0,3
resist,0,3
resistance,3,3
resolution,0,3
resolve,0,3
resort,0,3
resource,2,1
respect,1,1
respectively,0,3
respond,2,2
response,1,1
responsibility,2,1
responsible,2,2
rest,1,1
rest,3,3
restaurant,2,2
restore,0,3
restrict,0,3
restriction,0,3
result,1,1
result,0,2
retain,0,2
retire,2,3
retirement,3,3
return,2,1
return,2,2
reveal,0,1
revenue,0,2
reverse,0,3
review,2,2
review,3,3
revolution,3,2
reward,0,3
rhythm,0,3
rice,3,0
rich,2,2
rid,1,0
ride,2,2
ride,3,0
ridiculous,2,0
right,1,1
right,2,0
right,1,1
right,1,1
ring,1,2
ring,1,2
rip,3,0
rise,2,1
rise,3,2
risk,2,1
rival,0,3
river,2,2
road,1,1
rob,3,0
rock,2,2
role,2,1
roll,1,2
roof,2,2
room,1,1
root,2,2
rope,3,3
rough,2,3
roughly,2,0
round,2,2
round,1,2
route,3,2
routine,0,3
row,2,2
royal,3,1
rub,2,0
rubber,3,0
rubbish,2,0
rude,3,0
ruin,3,0
rule,1,1
rule,0,2
run,1,1
rural,0,2
rush,2,3
sack,3,0
sad,2,3
safe,2,2
safety,2,2
sail,3,0
sake,2,3
salad,2,0
salary,2,3
sale,1,1
salt,2,3
same,1,1
same,1,1
same,1,1
sample,3,2
sand,3,3
sandwich,2,0
satellite,0,3
satisfaction,0,3
satisfied,3,0
satisfy,3,2
sauce,3,0
sausage,3,0
save,1,1
saving,3,3
say,1,1
scale,2,2
scared,3,0
scene,2,2
schedule,2,3
schedule,3,0
scheme,2,1
school,1,1
science,1,1
scientific,3,2
scientist,3,2
scope,0,3
score,2,2
score,3,2
scratch,3,0
scream,3,0
screen,2,2
screw,3,0
script,3,0
sea,2,1
seal,3,0
search,3,2
search,0,3
season,2,1
seat,2,1
second,1,1
second,1,2
secondary,3,2
secondly,3,0
secret,3,2
secret,3,3
secretary,2,1
section,1,1
sector,0,1
secure,3,3
secure,0,3
security,0,1
see,1,1
seed,3,3
seek,2,1
seem,1,1
seize,0,3
select,2,2
selection,3,2
self,2,3
sell,1,1
send,1,1
senior,0,2
sense,1,1
sensible,3,3
sensitive,3,3
sentence,1,2
separate,2,2
separate,2,2
sequence,0,2
series,2,1
serious,1,1
seriously,2,2
servant,0,2
serve,1,1
service,1,1
session,2,2
set,1,1
set,1,1
setting,0,2
settle,2,2
settlement,0,2
several,1,1
severe,3,3
sew,3,0
sex,1,2
sexual,3,2
shadow,3,2
shake,3,2
shall,1,1
shame,2,0
shape,2,2
share,1,1
share,1,1
sharp,3,2
sharply,0,3
shave,3,0
she,1,1
shed,3,0
sheep,2,3
sheet,1,2
shelf,3,3
shell,3,3
shelter,0,3
shift,3,3
shine,3,0
ship,2,2
shirt,2,3
shock,2,2
shocked,3,0
shocking,3,0
shoe,1,3
shoot,2,2
shop,1,1
shopping,2,3
short,1,1
shortly,3,3
shot,2,2
should,1,1
shoulder,2,2
shout,2,2
shove,3,0
show,1,1
show,1,1
shower,2,0
shrug,0,3
shut,1,2
sick,1,3
side,1,1
sight,2,2
sign,3,2
sign,2,2
signal,2,2
signature,3,0
significance,0,2
significant,2,1
significantly,3,2
silence,0,2
silent,0,3
silly,2,0
silver,3,0
similar,1,1
similarly,0,3
simple,1,1
simply,1,1
sin,2,0
since,1,1
sing,1,2
singer,3,0
single,1,1
sink,0,3
sink,3,0
sir,1,3
sister,1,1
sit,1,1
site,1,2
situation,1,1
size,1,1
skill,2,1
skin,2,2
skirt,3,0
sky,2,2
sleep,1,2
sleep,2,3
slice,3,0
slide,3,3
slide,3,0
slight,2,3
slightly,1,2
slim,3,0
slip,3,2
slip,3,0
slope,0,3
slow,2,2
slow,3,2
slowly,3,2
small,1,1
smart,2,2
smell,2,3
smell,2,3
smile,3,1
smile,2,2
smoke,3,3
smoke,2,2
smoking,2,0
smooth,0,3
snap,0,3
snow,2,3
so,1,1
so,1,3
soap,3,0
so-called,0,3
social,1,1
society,1,1
sock,3,0
soft,2,2
software,3,2
soil,0,2
soldier,3,2
sole,0,3
solicitor,3,2
solid,3,3
solution,2,1
solve,2,3
some,1,1
some,1,1
somebody,1,3
somehow,2,2
someone,1,1
something,1,1
sometimes,1,1
somewhat,3,2
somewhere,1,2
son,1,1
song,1,2
soon,1,1
sore,3,0
sorry,1,2
sort,1,1
sort,1,3
soul,3,3
sound,1,1
sound,1,2
sound,0,3
soup,3,0
source,2,1
south,1,2
southern,2,2
space,1,1
spare,2,0
spare,3,0
speak,1,1
speaker,2,2
special,1,1
specialist,3,3
species,0,2
specific,1,1
specifically,2,3
specify,0,3
speech,2,2
speed,2,1
spell,2,0
spelling,2,0
spend,1,1
spill,3,0
spin,3,0
spirit,2,2
spiritual,0,3
spite,0,3
split,2,3
spoil,3,0
spokesman,0,2
spoon,3,0
sport,2,2
spot,2,2
spot,3,0
spray,3,0
spread,2,2
spring,2,2
squad,0,3
square,2,3
square,2,3
squeeze,3,0
stable,0,3
staff,2,2
stage,1,1
stair,2,3
stake,0,3
stall,3,0
stamp,2,0
stamp,1,1
stand,1,1
standard,2,2
standard,2,2
star,2,2
stare,3,2
start,1,1
start,1,2
starve,3,0
state,1,2
state,3,2
statement,2,1
station,1,1
statistic,2,3
status,0,2
stay,1,1
stay,3,0
steady,0,3
steak,3,0
steal,3,3
steam,0,3
steel,3,3
steep,3,0
step,2,1
step,3,3
stick,1,3
stick,3,0
stiff,3,0
still,1,1
still,3,0
stir,3,3
stock,2,2
stomach,3,3
stone,2,1
stop,1,1
stop,2,3
storage,0,3
store,1,1
store,3,3
storm,0,3
story,1,1
straight,1,2
straight,2,3
straightforward,3,0
strain,0,3
strange,2,2
stranger,2,2
strategic,0,3
strategy,0,2
straw,3,0
strawberry,3,0
stream,0,3
street,1,1
strength,2,2
strengthen,0,3
stress,3,3
stress,3,3
stretch,3,3
strict,3,0
strike,3,3
strike,3,2
string,3,2
strip,0,3
stroke,3,0
strong,1,1
strongly,3,0
structure,3,2
struggle,0,3
struggle,3,3
student,1,1
studio,3,2
study,2,3
study,2,2
stuff,1,3
stupid,1,3
style,2,1
subject,2,1
submit,3,3
subsequent,0,2
subsequently,0,3
substance,0,3
substantial,3,2
succeed,3,2
success,1,1
successful,2,1
such,1,1
suck,3,0
sudden,2,3
suddenly,1,1
suffer,1,1
sufficient,2,2
sugar,2,3
suggest,1,1
suggestion,1,2
suit,2,3
suit,3,3
suitable,3,2
sum,2,2
summer,1,1
sun,2,1
super,2,0
supermarket,3,0
supper,3,0
supply,2,2
supply,3,2
support,1,2
support,1,1
supporter,3,2
suppose,1,1
sure,1,1
sure,3,0
surely,1,2
surface,3,1
surgery,2,2
surprise,3,2
surprised,2,2
surprising,3,3
surprisingly,0,3
surround,0,2
survey,2,2
survival,0,3
survive,2,2
suspect,2,3
suspicion,0,3
suspicious,3,0
sustain,0,3
swap,3,0
swear,2,0
sweep,0,3
sweet,2,3
sweet,2,0
swim,3,0
swimming,2,0
swing,0,3
switch,2,3
switch,3,0
symbol,0,3
sympathy,0,3
system,1,1
table,1,1
tablet,3,0
tackle,3,3
tail,2,3
take,1,1
tale,0,3
talent,0,3
talk,1,1
talk,1,1
tall,2,2
tank,2,2
tap,3,0
tape,3,3
target,2,2
task,2,1
taste,2,2
taste,2,0
tax,1,1
taxi,3,0
tea,1,2
teach,1,2
teacher,1,1
teaching,2,2
team,1,1
tear,3,3
tear,2,3
technical,2,2
technique,3,1
technology,2,1
telephone,1,2
television,1,1
tell,1,1
telly,2,0
temperature,2,2
temporary,3,3
tend,1,1
tendency,3,3
tennis,3,3
tension,0,2
tent,3,0
term,1,1
terrible,1,3
terribly,2,0
territory,0,2
terror,0,3
terrorist,0,3
test,1,1
test,3,2
text,2,1
text,2,0
than,1,1
thank,1,2
thanks,1,0
thanks,0,3
that,1,1
that,1,1
that,1,2
the,1,1
theatre,2,2
their,1,1
theirs,3,0
them,1,1
theme,2,2
themselves,1,1
then,1,1
theoretical,0,3
theory,2,1
there,1,1
there,1,1
therefore,1,1
they,1,1
thick,2,2
thin,2,2
thing,1,1
think,1,1
this,1,1
though,1,1
though,1,0
thought,1,1
threat,3,2
threaten,3,2
three,1,0
throat,3,3
through,1,1
throughout,2,1
throw,1,1
thus,0,1
ticket,1,2
tidy,3,0
tie,2,3
tie,3,3
tight,2,3
tile,3,0
till,1,0
time,1,1
tin,2,0
tiny,2,2
tip,2,3
tip,3,0
tired,1,2
title,3,1
to S1,0,0
to,1,1
toast,3,0
today,1,1
toe,3,0
together,1,1
toilet,2,0
tomato,2,0
tomorrow,1,2
ton,3,0
tone,3,2
tongue,3,3
tonight,1,2
too,1,1
tool,2,2
tooth,2,2
top,1,2
top,1,1
topic,3,2
total,1,1
total,2,2
totally,1,2
touch,2,2
touch,2,2
tough,2,2
tour,3,2
tourist,0,3
towards,1,1
towel,3,0
tower,3,3
town,1,1
toy,3,0
track,2,2
trade,3,1
trade,3,2
tradition,2,2
traditional,3,1
traffic,1,2
trailer,3,0
train,1,2
train,1,2
training,2,1
transaction,3,3
transfer,3,2
transfer,0,2
transform,0,3
transition,0,3
translate,3,0
transport,2,2
transportation,0,3
trash,3,0
travel,2,2
travel,2,2
tray,3,0
treat,2,1
treat,3,0
treatment,2,1
treaty,0,2
tree,1,1
tremendous,2,0
trend,3,2
trial,3,2
trick,3,0
tricky,3,0
trip,2,2
troop,0,2
trouble,1,2
trousers,2,0
truck,2,3
true,1,1
truly,0,3
trust,1,2
trust,2,3
truth,1,2
try,1,1
try,3,0
tube,3,3
tune,3,0
tunnel,0,3
turn,1,1
turn,1,1
TV,2,2
twice,2,2
twist,3,0
type,1,1
typical,2,2
tyre,3,0
ugly,3,0
ultimate,0,3
ultimately,0,3
unable,0,2
unbelievable,3,0
uncle,2,3
under,1,1
underneath,2,0
understand,1,1
understanding,0,3
undertake,0,3
unemployed,2,3
unemployment,2,2
unfair,3,0
unfortunate,3,0
unfortunately,1,3
unhappy,3,0
uniform,3,0
union,1,1
unique,3,2
unit,2,2
united,2,3
unity,0,3
universal,0,3
universe,0,3
university,2,1
unknown,0,2
unless,1,1
unlike,0,3
unlikely,3,2
until,1,1
unusual,2,3
up,1,1
upon,2,1
upper,0,2
upset,2,0
upset,2,0
upstairs,2,0
urban,0,2
urge,0,3
urgent,3,0
us,1,1
use,1,1
use,1,1
used,1,2
used to,1,2
useful,1,1
user,3,1
usual,2,2
usually,1,1
vacation,2,3
vague,3,0
valley,3,3
valuable,0,3
value,2,1
van,2,3
variation,0,2
variety,2,1
various,1,1
vary,3,2
vast,3,2
vegetable,3,3
vehicle,2,2
version,2,2
very,1,1
very,2,1
vet,3,0
via,0,2
victim,3,2
victory,0,2
video,1,2
view,1,1
village,1,1
violence,2,2
violent,3,3
virtually,2,2
virtue,0,3
virus,0,3
visible,0,3
vision,3,2
visit,2,1
visit,3,2
visitor,3,2
visual,0,3
vital,0,2
voice,2,1
volume,3,2
voluntary,0,3
vote,2,2
vote,2,2
vulnerable,0,3
wage,2,2
wait,1,1
wake,2,3
walk,1,1
walk,2,2
wall,1,1
wander,3,0
want,1,1
war,2,1
ward,0,3
wardrobe,3,0
warm,2,2
warn,3,2
warning,3,2
wash,1,3
washing,2,0
waste,2,3
waste,2,3
waste,0,3
watch,1,1
watch,2,3
water,1,1
wave,3,2
wave,3,3
way,1,1
way,2,0
we,1,1
weak,3,2
weakness,0,3
wealth,0,3
weapon,3,2
wear,1,1
weather,1,2
web,2,2
website,2,2
wedding,2,3
week,1,1
weekend,1,2
weekly,0,3
weigh,3,3
weight,1,2
weird,2,0
welcome,2,2
welcome,2,3
welfare,3,2
well,1,1
well,1,1
well,1,2
west,1,2
western,2,2
wet,2,3
what,1,1
whatever,1,1
whatsoever,2,0
wheel,2,3
when,1,1
whenever,2,3
where,1,1
whereas,2,2
wherever,2,0
whether,1,1
which,1,1
while,1,1
while,1,2
whisky,3,0
whisper,0,3
white,1,1
white,3,2
who,1,1
whoever,2,0
whole,1,1
whole,2,2
whom,3,1
whose,2,1
why,1,1
wicked,3,0
wide,1,1
wide,3,3
widely,0,2
widespread,0,3
wife,1,1
wild,2,2
will,1,1
will,2,2
willing,2,3
win,1,1
win,0,3
wind,2,2
wind,3,3
window,1,1
windy,3,0
wine,2,2
wing,2,2
winner,3,2
winter,2,2
wipe,3,0
wire,2,3
wise,3,0
wish,1,1
wish,3,0
with,1,1
withdraw,3,2
within,1,1
without,1,1
witness,2,3
woman,1,1
wonder,1,2
wonderful,1,2
wood,2,2
wooden,3,3
wool,3,0
word,1,1
work,1,1
work,1,1
worker,2,1
working,2,2
workshop,3,3
world,1,1
worried,2,3
worry,1,2
worry,2,0
worrying,3,0
worse,2,2
worse,3,3
worth,1,2
worth,0,3
would,1,1
wound,0,3
wrap,3,0
write,1,1
writer,3,2
writing,2,3
wrong,1,1
wrong,2,0
yard,2,2
yeah,1,0
year,1,1
yellow,2,3
yep,1,0
yes,1,1
yesterday,1,1
yet,1,1
yet,0,2
you,1,1
young,1,1
youngster,3,0
your,1,1
yours,1,3
yourself,1,2
youth,2,2
zone,0,3
